text,label
排了蛮久 味道不错 不太好找 还会去,0
咖喱很好吃，尤其是温泉蛋咖喱，就是麻婆茄子的量太少，不管是多大份，量都是一样的,0
环境很整洁，就是一楼很热，馄饨的量也很足,0
很有特色的一家店～从外面电梯上去直接是几个露天的蒙古包 是有低消的 人均100貌似 里面环境也很好 去的时候人不多 吃到一半有歌舞表演 土豆粉/羊排味道都不错，本以为菜量很大结果很小 人均100够吃啦,0
牛蛙很大一盆 不过还是有点小贵 韭菜蛤蜊很好吃！海蜇头味道也不错,0
个人认为蛋糕不错。还有焗饭也好次。至于面什么的个人认为不好次。,0
环境和服务超级棒！但可能餐厅比较高档。口味独特。我不是很吃得惯。,0
开在五角场人流量很大，看到网上有团购才去吃DQ的，味道很好，相比哈根达斯、爱西西里的，要性价比高一点,0
在平凉路的住宅区附近终于有了购物中心了，咖啡陪你就开在一楼，空间挺大的，也挺安静的，团购去吃刨冰，味道还行。,0
口味还不错，价格合理。就是店面比较小，用餐时间人流比较集中，经常没有位置，而且等餐时间也比较久。,0
在这家点过好多次了，大都很好吃，外卖速度也很快，分量足！,0
分量很大，有三个素菜和荤菜，整体上很好吃，外卖速度也很快,0
过生日时候一般在这里买蛋糕 团票的话更方便实惠 蛋糕口味挺多的 做的也比较快 不错很好的选择,0
第一次来这吃 环境很好 味道也很正宗 团票的话也不是很贵 分量也很足 吃完一本满足 在万达附近也比较方便 吃完之后还可以顺便到万达里面逛逛 服务态度也很好 可以自己动手烤也可以让她们帮忙烤 很轻松愉悦的氛围 放的歌也好听哈,0
经常点这家的外卖！红烧肉很好吃！外卖也到的快。就是美食广场里的环境不是特别好。,0
去过好几次啦，上次去点了美团的套餐。牛排很软很好吃，意面也很棒！另外套餐里的奶茶也很好喝喔,0
牛肉超新鲜！不是冷冻的那种，眼睁睁看着切出来的，哈哈哈,0
肉特别的新鲜 鸡汤锅底里有半只鸡,0
好吃好吃，肉的味道和份量都很满意，菜单上的推荐菜品都很好吃，雪花猪肉，护心肉，韩式烤牛肉，冷面都很好吃，环境很干净，服务态度好，是很好的餐厅！推荐！,0
招牌猪肉云吞面特别好吃，每次几乎必点，新出的系列也很好吃，台式炸猪排味道也很好，餐厅环境很好，上菜也很快，是一家很好的餐厅。,0
真的好吃，服务员态度特别好，包间隔音也很好，晒一张招牌叫化鸡,0
不错，同学聚会选在了那里用了团购券，很划算咯,0
菜品质量不错！口味对于重庆人来讲稍微轻了一些，不过挺健康的哈哈,0
"期中考，期末考之后,过中秋吃火锅的首选嘻嘻,牛油红锅很棒，牛蛙好次，西瓜烧酒强推，各种优惠推得比较频繁",0
我觉得超好吃啊！环境好，上菜快，还不贵hhh,0
"地方还挺好找的呢～有直达电梯！首先,这家店真心是我喜欢的类型，人不是很多，游乐设施有几样，桌上足球，台球，还有飞镖等等，满足我的爱玩的心理！喜欢！其次，服务员态度很好呢，最喜欢那种有谢有答，腼腆可爱的服务员啦！赞一个！喜欢店内的格局，座位很宽还能看体育赛事，大屏幕投影还有电视，喜欢！最后就是汉堡还有猪肋排啦，我觉得烧烤味的猪肋排和球状的汉堡都很好吃，量很足，棒棒哒！拍照也很好看呢哈哈！还给了优惠券哦～",0
先说下排队哈，电话预约的。听闻异常难排，三点准时打电话，其实是按照你几点去拍几号的，有大致时间段，不是先到先得那种。大概七点半才吃上。店面小，一共十桌不到的样子，地方不太好找，弯弯绕绕。酱料是一大特色，店员会根据顾客口味调制酱料，不过也有我无法接受的味道，麻酱还挺好吃的。团购了四人套餐，价格很划算，菜品丰富荤素搭配，尽管如此我们四个吃货还是加了不少菜，一共消费四百不到，感觉菜品都还行，挺好吃的，因为价格划算汤底不算巨辣的那种，我觉得还会再来的。,0
火锅味道很不错呢，服务员态度也很好，就在野生动物园附近，过来玩吃饭很方便的,0
牛排味道还可以，点了菲力和沙朗，黑椒汁太咸太辣啦！分量稍微有点少,0
环境好价格还很实惠，鸡爪超超超好吃，对酥酥的鸡爪真是毫无抵抗(◍•ᴗ•◍)，有一点就是配菜有点少如果能自己选就好了，然后大锅的鸡爪四个姑娘吃能吃撑,0
份量很足，四个女生会吃到撑。而且菜品很丰富，食材也都很新鲜，口味也是一级棒，确实有泰式风味，团一下能省很多钱，值得推荐！,0
酸菜鱼特别好吃，鱼肉很薄很嫩，汤也很好喝，吃了鱼之后可以再涮菜吃火锅。,0
椒麻鸡好吃！鸡炒米粉好吃！酸奶好喝！但是最好吃的是黄面烤肉！感觉是上海目前为止吃到过最正宗最好吃的黄面烤肉！,0
口感很好，很适合年轻人的口味，食材也很新鲜。,0
大冬天吃火锅超棒，牛肉特别嫩，服务态度也很好~,0
在金街上开的一家烤肉店，送了很多冷菜和蔬菜，一直有人过来帮忙烤，服务态度很好~,0
牛肉石锅拌饭的牛肉超多，料十足，芝士年糕也好好吃，老板娘人很好。,0
长泰的环境真不错，Mo-Mo的服务也很好，菜品很齐全，第一次吃寿喜锅，说实在的，和火锅也没什么区别。,0
火车头是最招牌也最称得住招牌的，值得赞美,0
三样烤肠多汁好味，不配黑啤要腻的。烤猪手是要有酸菜酸黄瓜才好吃啊。甜点很尴尬，不知哪边批来的，劣过鸡肋,0
虽说海鲜自助海鲜只有几种，其他东西种类是挺多的，但是为了吃海鲜的不推荐，为了吃自助的还是推荐的。同价位的青浦海鲜多。不是为了陪朋友我不会第二次来的…,0
好评！以后还会去吃的！种类丰富！,0
非常棒的创意哦~牛油果的各种搭配，有brunch有晚餐，超爱的炸鱼薯条这里也有炸鱼牛油果的搭配~,0
妈妈说想吃自助烧烤，最后选择了赤坂小亭，之前是赤坂亭的忠实粉，但因为妈妈不吃刺生，所以小亭是个不错的选择~菜的选择很多，非常新鲜，菜全部放在冷藏的房间里面可以进去挑选，自助烧烤，妈妈超满意。推荐羊排和牛肉~~~,0
吃了好几次了，就是吃不腻，烤鸭，香酥鸭都吃过了，很好吃，强烈推荐,0
一个人去吃的 价格很合适 吃了一份意面 一个小吃 一杯饮料 一共才58元～,0
点的红豆薏仁糊 比较稠 虽然味道自然很朴实 但是确实能让人产生一种吃的很健康的错觉，奶盖很好喝 但是我明明点的去冰 给我送的温热的。。。,0
任哥老倌、小龙坎等来来往往，海底捞屹立不倒。没有失望过。学生折扣最贴心。,0
工作日的晚上生意也很好，服务员的态度一般，两个人点菜只给一份菜单，很烫的三杯鸡在托盘上让我们自己端上桌，也是无语了。冰火菠萝油是最满意的。其他的菜不是招牌菜，比较咸，无功无过。,0
班级聚餐！！！感觉棒棒的～大家吃的很开心～也玩的很开心☺,0
味道非常好最爱他家 好吃又实惠 三个人吃刚刚好,0
味道还不错 肉分量可以 味道还可以再改进一下,0
卫生很干净，环境很好，食物很好吃，服务员的态度很好，这个价位的已经相当不错了。和朋友一起来的，吃的很开心，很饱，哈哈！还会再来的！,0
渝利每天的生意都那么火爆，麻辣锅的辣味很足，水果很新鲜，才也很好吃。因为人太多，服务员都忙不过来，总是等一会才有服务员过来。,0
牛肉很香，拉面年糕是预期中的甜辣味，好吃，量足。总体较满意。,0
培根好吃，奶油并没有找到，倒是找到了一点沙拉酱。炒饭好吃,0
很不错的一个喝粥的地方，味道鲜美，价格实惠，服务态度好。,0
之前过生日在他家请同学吃的火锅，没的说，南汇数一数二的火锅了，别的不谈，炒饭一绝啊，而且挺实惠的，虽然不在南汇了但以后有机会还是会去的。,0
烤鸭上的超级快啊！给个赞！基本不用等位，就是服务员服务的不是很及时哦,0
还不错 卖相很好 服务员担心我烫手帮摆到桌子上,0
还行吧 有时候去吃菜偏甜了一点 但是服务态度超好,0
味道不错，分量足，送货快，打折后实惠，饭菜配比也合适,0
班里同学第一次团聚去的，味道很好，环境很好，大家玩得很开心,0
离学校近，平时想吃都能过去，不过自己在网上点餐，服务员有点少……总算还挺好的,0
有真正的新疆味道，仿佛回到了家乡，一口香拌面跟妈妈做的一样好吃,0
与价位相符，不好不差。汉堡一般，奶茶糖精味太重,0
量是真的很足 味道也很棒 部队锅的摆盘真心喜欢 看着就很有食欲 问道也很不错 年糕有各种口味各种形状的呢 萌的不要不要的 以后还会再来的 嗯 赞赞赞,0
口感绵绵的 还不错呢 抹茶的味道也挺足的 嗯 不错不错,0
蛋糕的味道很棒，口感也是软软的，简直就是被种草了！正好我不喜欢腻腻的，味道刚好，感觉配上一杯咖啡特别棒！,0
还可以 没有谷子地的好吃 不过两家都小贵。,0
好吃是好吃但是就是有点小贵 毕竟来自东北的,0
菜有点凉了，而且肉有点少不太够吃很快就吃完了，价格有点略高,0
很便宜很实惠味道还可以吧相比起价钱来看,0
超喜欢的泰国菜餐厅～实习的时候跟盆友约的，咖喱很棒！,0
跟前辈姐姐一起来吃的，因为每次上班路过都排队觉得好像很不错，中午来吃的时候排了一会就到了，然后点了招牌的面，真的很好吃,0
好吃好吃，是我喜欢的味道，会再次光临的,0
入座快，整店氛围相当好，还有地道的歌唱表演，菜色口味整体偏酸辣，开胃好吃，最喜欢米线了，好好吃！（阿木）,0
"菜品环境服务都超棒！点了微辣的九宫格，黄喉鸭肠超新鲜,一定要点！红糖糍粑也是必点！服务的小哥也很帅。最重要的是服务到位！跟店家反映了一些餐具的问题后立刻帮忙换掉了，而且店长主动提出给菜品打了折～感恩！",0
送来太慢，味道还好,0
他家的面包都是当天烘焙的，强烈推荐法棍，法棍每天两点半出炉，建议大家尽量早点去，因为法棍卖的比较快!,0
生意非常好的一家店，推荐避开点餐高峰期。年糕和地瓜非常好吃，强烈推荐！口味的话微辣刚刚好。店家会免费送一碗白米饭，不够可以再添。卫生条件一般，但耐不住味道好呀,0
味道不错，份量很足，就是配送时间有点长。,0
吃的比较一般，但是服务还不错，没看见人弹钢琴有点遗憾,0
表演很热闹，鸭肠和毛肚很好吃，环境还不错，服务很热情,0
味道还不错～鸡汤好喝，熏鱼也蛮好吃的…晚上吃的比较清淡，不过人好多哦,0
味道比起刚开张感觉越来越好啦！最近已经去过很多次了～每次人都超多！！推荐鱼片和豆腐还有猪脑…都好好吃,0
真的是超好吃超好吃的，而且服务态度是真的真的好，给个大大的赞\(≧▽≦)/。人均价格也超便宜的，每人只要54。而且还送可乐的。炒鸡棒。,0
餐馆的环境很不错的，菜的味道也很好。一个人平均下来的话大概70元左右，也很公道的。就是要等很长很长的队。,0
在这种大冷天吃一碗热馄饨，感觉很好╮(╯▽╰)╭挺好吃的,0
口感的话还可以，就是牛排的量太少，吃不饱，建议再买点其他的。,0
等位其实还好，尝试了油条虾，超级好吃推荐，绿茶饼也不错～还有一个鱼头，太咸但是味道挺好,0
去那里写作业很不错的选择 店里哥哥姐姐也很热情 外卖也很好吃速度很快 还拿到了积分卡 很心水的咖啡厅,0
就在宿舍旁边 环境好味道也好 很棒 人不多的时候去写作业也很好,0
东西还行，口味没有想象那么好，但是风景特别好呀。喝茶的时候看到旁边刚刚好有新人结婚～默默看完了全程哈哈,0
最喜欢吃有小鸟的鹌鹑蛋！虽然没吃出酒味。炸卷也挺好吃的！套餐两人吃不算多，食量大的可能要再加一些饭～,0
菜挺好吃的，自制鸡尾酒不太好。,0
味道就不用说了，捞王一直都是最好吃的猪肚鸡！就是排队长了一点五点就开始排队了哈哈哈～服务也超级好，雅格妹子服务超级热情～,0
这家店位于松江开元地中海，从大学城过来很近，只要一个起步价，非常方便，菜也很好，唯一的就是可能冬天有些冷，店里温度不是很好，总的来说还是很棒的！！,0
非常好吃，就在来福士地下一层，在人民广场路过就可以买，东西自然不用说了，非常好吃，买过很多次了，很方便，也很好吃。,0
老板人很好，烤鱼好吃，分量足，其他小吃也很好吃，就是店面有点小，值得推荐,0
无论是串串还是烧烤都很好吃，店里的陈设很有情调，性价比高,0
外卖好几次点的都是这家，口味很大众化大家都可以接受，分量足价格也很便宜，不想出门的时候他们家是个不错的选择哦。,0
环境很好，座位设置很棒，无论是自己一个人还是有朋友都很舒适，二层有厕所很方便，是聚餐的最佳选择。口味也很棒，推荐的是土耳其烤鸡翅和泡菜五花肉石锅拌饭，分量很足自己一个人吃完全够了（我还加了果汁和沙拉有点浪费了）,0
如花家环境很好，进来像酒吧一样，看图一，但她家才不像别家一样徒有外表没有真材实料！她家有烧烤，麻辣烫，炒菜，烤鱼~ 反正你想吃的她都有！作为一个贵州人，吃她家川菜都觉得辣，脑花超好吃的！还有老妈蹄花汤，每次来都必喝，美容养眼😁,0
来店里吃饭正好遇到了老板家从六广河钓的野生鱼，用野生鱼就着鸡汤做了一锅火锅！肉质鲜嫩又不失嚼劲！这火锅的鸡汤也很鲜！其他的还点了他家杀猪饭的特色菜，脆皮鸭很好吃，酥到好处，沾酱吃很不错！还有香辣葱香阁，一开始不知道是啥，端上来发现是蒜香排骨，炸得酥脆，很好吃！,0
喜欢吃芝士的话很棒，排骨很大块，套餐的量也很足，下次有机会还要去吃～,0
这家店很干净，环境是我喜欢的，作为火锅来说味道和价格算是信价比算高的，推荐。,0
味道很好，分量很足，刚打开就有香味飘来，食欲大发，太满意了，推荐沙拉烤肉,0
非常好吃的哦，第二次来了，虽然要等位，也是非常快的，推荐来吃呀！604,0
非常好吃的哦，就是觉得菜的量不是很多，感觉性价比一般吧！,0
服务和环境都很好～店虽然不大但是服务很到位，小姑娘都是一直弯着腰，细声细语的服务的～味道也不错，推荐牛里脊➕鹅肝，牛肉很嫩，鹅肝好厚实一块，一点都不腥，口感很顺滑~团购的羊排煎的也很到位~唯一不好的是芒果香草布丁过于甜了吃不下口😂不过跟服务员反映了以后态度很好~所以不扣分啦,0
有段时间没来了，感觉服务和菜品变好了很多！今天老妈生日，店长和服务员给我们切蛋糕点蜡烛放生日歌，忙前忙后的超贴心～,0
这家店的饭菜味道还是挺正宗的！味道很可口！推荐大家去！就是在店里，上菜速度比较慢，但总体来说，还是不错的！！,0
挺不错的 每次点外卖都是这家 速度快服务周到 而且口味也很好 比起其他一些餐馆 做的还是蛮正宗的,0
菜还不错 挺好吃的 个别菜有些贵 总体挺好的 班级聚餐挺不错的,0
今天下雨稍微晚了一会儿可以理解 外卖员挺辛苦的 粽子很好吃！但是店长态度有点凶。。。 总体味道不错 也不贵！,0
我点的茉香奶绿，分量很足，口感也蛮清甜的，符合我的口味。,0
他们家的馄饨真的不错 都是早上鲜做的 做出来的味道也特别棒 作为一个从南方来上海读书的特别喜欢吃馄饨的宝宝 他们家就是我晚餐的第一选择,0
周末人还是蛮多的 中午一般都会排队 不过排位时间也不是很长～一般都是选三品/四品 +5元换成五谷饭 五谷饭真的蛮好吃～一碗女孩子绝对管饱！色拉吃过几种了但目前还没有找到最爱？hhh热菜喜欢筑前煮 有的肉菜或者素菜有些食材有点老…希望可以改善一下 ps味增汤有点咸了…,0
环境蛮好的 服务一般般啦 不自己找是永远不会主动过来帮忙啊什么的 菜品水准算正常 口味大概是调整了 更适应天津这边的口味 不过还是有些菜品偏咸了 本帮菜其实还是保持原本更好一点吧……ps 貌似换菜单之后有些之前蛮喜欢的菜没有了？？🌚,0
挺好吃的，味道不错，推荐那个虾仁的,0
点了以下这几样，味道都还不错，参观也独具特色，小哥也和善，就是量太少，吃完跟小伙伴又到全家买了点别的= =,0
两个人点了芝士排骨和小章鱼，可惜同行的小伙伴战斗力太低了，否则一定能把它吃完！！味道很好～尤其是饭团很香！然后芝士排骨也不错，排骨又香又入味..嗯还有章鱼，还好点了微辣..蛮辣的还是，到最后我就把它当作吃烤肉一样包着生菜加泡菜饭团一起吃，简直赞呀！！,0
却是充满了段子手满满的夜店风格，大赞！吃了超级多，因为是真的好吃，特别推荐他的那个一串一串的肉，很棒！6块钱一位的自助饮料也很划算呢，还可以一直听谦谦的歌，喜欢！如果不是离得太远，回去很多次的！,0
一开始以为能吃很多，点了超级多的肉，结果没吃完😂😂下一次要多点点菜吃，南瓜粥超级赞，就是不是很喜欢他的调料，希望有自助的调料🙈🙈环境很好。,0
超喜欢的一家店，分量足，价格实惠，而且每次的口水鸡都超级好吃～强烈推荐～～,0
感觉很对我们这种好辣人的口味，棒！下次还会再来买的嘻嘻嘻嘻～,0
干净卫生，口感好！和亲朋好友小聚一下很惬意哦,0
了这家店很久，可能是因为我们路痴吧😂，因为在二楼，没仔细看就路过了。不过话说回来，这一次的就餐之行，真的是感觉太好了，第一次在自助的餐馆里吃到撑😂，首先呢，要给服务的阿姨姐姐一个大大的赞👍笔芯！每一个人真的是好温和，对待客户的态度也是敲棒的，真的是很少会遇到这么好的服务员阿姨姐姐，她们回帮我们煮菜、煮拉面，随时都还会过来确认，告诉我们想吃什么就去拿，说起韩国料理，拉面是必备的吧！店里的拉面真的是不要太多，各种各样的都有，十分齐全！，还有芝士哟，培根➕芝士真的很棒（就我自己的口味而言吧）还赠送了我们一罐可乐，哈哈哈哈哈哈！再来说说味道吧，刚刚开始的时候还不太适应，因为是甜辣的，而我不太习惯甜辣，但是问了服务员才知道是因为怕我们觉得辣才加了甜辣（所以不喜欢甜辣的去店里的时候一定要先说一下），不过后来加了其他东西、煮的时间长了，甜味就少了很多了，吃到后来的味道真的是越来越好，以至于吃到撑😂（在我们说有点甜味的时候阿姨还问我们要不要换一个锅，真的很贴心哟）后来走的时候，阿姨还在门口拿着一个盘子给了我们糖🍬。还是要再一次的赞美一下这家店的服务呀！！！,0
这是家餐馆是和室友第一次进城时选择吃的晚饭😂刚开始以为并没有很多人吃，结果到那儿才发现挺受大家的欢迎的，已经坐满了（毕竟是五角场排名靠前的茶餐厅），我们等了一会才进去吃到了心仪已久的菜品，总体来说，菜都符合我的口味，超级推荐那个炒牛河，我最喜欢的就是那道菜了，敲级好吃😋；还有就是马拉糕、炒饭也是不错的！他家还有很多推荐的菜、甜品，大家可以去尝尝（遗憾的是没吃到菠萝油，有机会一定要吃到），但是我们去的时候人很多，所以有些时候上菜可能会比较慢，但是还是理解的，大家最好做好会等待的心理准备吧！还有就是这家茶餐厅的人均消费也不并不是很高，对于我们这种学生族来说也是可以承担的。总体上，还是很满意这一次的。,0
每次去都很多人～每盘均一价很棒，服务也很好 东西很多 点了以后上的速度也很快噢～,0
地方小小的有点挤，但是面很好吃！而且服务态度很好，照顾到每一个需求！个人更喜欢刀削面，豌豆软软的口感超棒！,0
两个人吃团购很划算，服务也很好，味道很棒！,0
经同学推荐去的，味道很棒，环境也很好，适合聚餐。用餐过程中还有川剧变脸表演！唯一的不足是服务员态度稍欠佳，也可能是客人太多，忙不过来。,0
整个店里有一种西藏风情，二楼可以坐在地上吃。过了午餐时间去的人很少，老板很热情。藏餐很好吃不过有些小贵。,0
味道还是挺正宗的，价格比较合理。环境是新疆少数民族风情，晚上还有歌舞表演。推荐千页豆腐和馕丁炒肉，丁丁炒面,0
吃鱼好去处，松江万达找一喵取鱼。每次想吃鱼都来这里，味道和分量都不错。已经带着妈妈和好几个朋友来过了，哈哈。,0
吃了好几天中午了！！港真感觉性价比很高，味道也合口。就是感觉有些菜品有点油腻，不过依旧喜欢。嘿嘿。,0
味道总体来说不错，只是可惜自助调料里面没有提供蚝油。油碟怎么能没有蚝油呢！,0
比较有创意的是等之前可以抽奖，还可以自制棉花糖。菜也比较新鲜，调料也比较齐全。希望火锅的味道可以再地道一些！,0
这家豆捞环境特别好，位置很宽敞，菜品也很齐全。餐前的小菜水果也非常丰富，服务员的态度也很好，满意,0
味道非常不错，量也很足。但是饭点时外卖配送太太太慢了。等了一个半小时，希望这点能改进。总的评价是不错的。,0
这家店超实惠！面包都很新鲜，隔壁的台川喜宴汉堡超大个。环境也不错。强烈推荐。,0
是去团建的，20个不满坐了大厅。去的不巧没有酸奶什么的了，菜的味道还是很不错的，但是对我而言羊排有点膻味，总的还是很不错的。,0
等位了蛮久了，口味还是不错的，但是感觉小吃略少，且空间太小了，不是特别舒服，很挤。此外油烟味还是太重了些，且还是觉得自己烤怎么都不是很好吃。以上。,0
自从装修以后经常就来次，首先给人的印象就是食材特别新鲜，牛羊肉都是现切出来的，开放式厨房给人的感觉真的很好。类似于咖啡厅的环境优雅舒适，菜品的味道也不能更赞，很值得冬天家人一起聚聚～,0
菜品虽然还不错，环境也不错，但是酱汁的味道没有以前好吃了。,0
很好吃的烤鱼！微辣也不怎么辣，荔枝烤鱼又新鲜又好吃！希望能继续加油！,0
第二次来吃这家啦！价格合理，芝士排骨好吃，南瓜粥特别好喝！希望能早点推出热饮，这样冬天也可以去吃啦,0
很好吃啊，面条特别香，是学长推荐来的，第一次吃的是红烧牛肉，这次是炸酱牛肉，都好吃，而且微辣对我而言刚刚好，即有味又不呛，晚上写这种东西都要流口水了～,0
和朋友一起来的，不是很习惯吃牛排，不过上的一份小汤挺好喝的，是用来蘸的好像，哈哈。赶上优惠还挺好的～,0
上周来了，这周又来了，对于在外的河南人真是家乡味，非常棒，特别是谭阿姨人特好，像亲阿姨，不要犹豫了，来吃吧⊙﹏⊙！,0
真的非常好吃！服务员小哥方方也很贴心很亲切！服务态度超级好！辣锅真的很好吃很好吃！菜的分量也很多…我们四个人一不小心就点了好多！,0
看演唱会前去的，可能饭点前，所以那时候人不多，环境很好很安静。刺身都很新鲜，特别是大厨有一个隐藏菜单！那个西瓜布丁真的好吃到没朋友！！整体来说真的非常棒！,0
不错不错！强烈推荐！量大，而且价格非常实惠呦~,0
灰常好吃哦~强烈推荐芒果雪冰和巧克力瀑布，造型好看，味道也是棒棒的，还想再去一次！,0
芝士控很满足，分量足，女孩子足够吃啦！外卖送货快~,0
环境比较好，味道不错，适合聚餐，送餐的小哥蛮帅的，嘻嘻嘻嘻,0
石锅很独特，帽子很可爱，下次还会再去！,0
超正宗的重庆小面！好吃好吃！中辣已经把我辣到不行了~,0
两个人点了自助的 寿喜锅很好吃 端上来一叠肉 量很足 都没吃完 牛肉好吃猪肉也不错 蔬菜都是自取的很合算,0
五花肉很好吃！豆腐汤也很不错！牛肉一般般吧 不过他们家的特色好像就是猪肉 都放在大石板上挺有特色的 服务员会帮着烤。,0
牛排很好吃，但是牛排里带的意面不是特别出众，相比牛排差好多，但是其他都很好，浓汤很好，面包干很好。,0
挺好吃的，排队排很久，吃了点评上推荐的几个特色菜，就是分量太少了。泡椒鸡图片上很大结果上来就一点点，糖芋苗有点太甜了，元宵没有芳婆的好吃。,0
这家店面的味道很好！很麻辣！超级喜欢吃！就是价格略高了一些。,0
这算是比较正宗的重庆火锅，酱料也好吃，套菜量也挺足，晚上吃的话会有些贵，午市套餐还不错！,0
朋友推荐的，味道香辣，很适合我们的口味，最喜欢吃酸汤肥牛，凉粉味道很正宗，价格也实惠，推荐喜欢重口味的旁友尝试。,0
菜品很精致，蒸蛋很嫩，叉烧包非常好吃！！！糖醋小排分量有点少，但是很香甜。,0
店面环境很好！服务员态度一般...要的是重庆辣底火锅 真的是超级辣 不过还是好吃的！！！,0
三个人去的，服务员态度超级好！肉也很嫩很新鲜，赞赞赞,0
分量足，味道好，服务不错，套餐搭配合理，工作日午市套餐非常实惠，强烈推荐石锅拌饭,0
味道不错，上餐速度很快，店里工作人员做事很有效率，态度好。推荐小馄饨和鲜虾云吞面。,0
茶都很好喝！甜酒那个真的太甜了……甜品的话，第一次去的时候吃的最好吃，记得是白色的……其他的话，还有待探索……红茶拿铁也不错的……环境是一级赞！经常想去那里学习，但是离我的宿舍比较远……有机会会再去的！,0
拿破仑真的是蛮好吃的，甜而不腻，就是薯条烤的有点焦,0
冬阴功海鲜面很好吃，炭烤拼盆也很好吃,0
挺好吃的，在大学城地铁站旁边，整体环境不错，主打江浙菜做的也不错，但可能生在这一代，有的菜还是觉的不地道吧，但是已经是松江比较好吃的一家了,0
环境还不错，地方很大，食材还是干净新鲜的，但是比起之前吃的潮汕牛肉火锅，味道还是有一点不足的，没有很地道的感觉,0
周围各种好吃的太太太多了，但是这家还是很不错的，烤肉也是自己来烤，不会有被人催着吃的感觉，芝士蛋卷好评！,0
牛肚炒饭和泡菜锅真的好好吃啊！！！已经安利了超多朋友，烤肉哪里都能吃但是炒饭这样这边的最棒！！！,0
店挺大的，在商场里面，环境不错，点的几个菜味道也不错，两个人点了一个热舞王妃，吃不掉，但感觉味道口感一般,0
在附近实习的时候经常去吃，味道很好，环境也不错，就是饭点的时候人会比较多。喜欢那里的沙拉，经常点。,0
上一次来的时候不是周末还要等位等好一会儿，这次来人好少，去的时候一桌都没有，估计是有点早😂这次觉得调料有点不新鲜，希望可以注意一下这个问题！不过味道还行吧～服务也还不错。洞子张也吃出了人均250也是有点可怕😂感觉也没吃多少，不知道怎么点的,0
还行吧，没有特别好吃，好在人少，还挺干净的,0
门店过于小了，周末人太多了，享受不到坐下来慢慢吃巧克力的惬意。陆续吃过四五款巧克力蛋糕，一开始最期待的千层蛋糕居然是里面最普通的，其他几款都好吃的出乎人的意料，巧克力和其他材料混合在一起，每一款都很有新意，简直是对爱吃巧克力的人的福音啊～以后要拔草每一款！,0
同行四个人，每个人都点的不一样。水果沙拉，芝士焗面，重庆酸辣鱼片面，炒饭，总的来说味道都很不错，准备以后慢慢拔草每一样吃的。就是价格偏高，对学生还是稍微有点贵了。,0
DQ甜筒简直良心，满满两个球，很满足了！,0
超级超级喜欢 俩迷妹特地跑去三楼看了ARASHI！白发大叔是老板吗，跟着我们跑上楼跑下楼还特地关心了一下好不好吃。青瓜苏打喝醉了，一直在晃high得莫名其妙，无限大出来的时候真的开心哈哈哈哈哈哈哈哈哈哈,0
点的温泉蛋烤鸡肉饭！好吃量大～还有油面筋塞肉好吃！,0
汤很好喝，菜的分量也足，可以吃的饱饱的，重点是有汤喝啊。,0
环境很棒 每桌都有鲜花 作为pizza来说真的是特色！外国大厨显然融入了对我国菜品的深沉热爱 比如我们点的这道特色披萨---蒜蓉茄子炒蘑菇披萨 等朋友过程中有很多帅老外自提了带走吃 看来真的是深受国际友人喜爱 下次我一定会乖乖点正常pizza的 奶油蘑菇汤推荐给喜欢并且真爱奶味的盆友 真的是奶味十足！,0
很赞很好吃不太辣小料自助很全很到位,0
好吃，推荐牛肉炒饼丝，很有嚼劲的饼配脆脆的白菜和牛肉片，太赞啦,0
挺好的，在这家店点过孜然牛肉盖浇饭，不错不错，就是洋葱略多……,0
味道特别好，环境也好，干净卫生实惠值得尝试！,0
"感觉还是不错的挺好的，虽然有些小但是临时的还是算可以的。
服务特别的好，有家的味道哦！",0
蔬菜特别新鲜，味道特别好，环境也很不错，赞赞赞！,0
最近点了几次这家的外卖，感觉分量很足，味道还可以吧。,0
这个音乐放的是明明白白的，哈哈哈,0
很喜欢这家的豆腐脑 很好吃 比食堂的好多了,0
环境挺好，东西也挺好，服务态度还行，经济实惠，20就能吃双人快餐，大体感觉还不错，,0
很实惠，菜品一般，椅子太矮，挺适合学生的，,0
环境很不错，但是椅子的位置有点高，只不过很适合聚餐，东西有点贵，整体还不错，,0
还好吧，但是感觉不怎么好吃，吃完之后感觉不舒服,0
食物味道一般，感觉味道怪怪的，鸭肝感觉不新鲜。总体还可以,0
"价格和档次还算是匹配吧，环境比较不错，简约又有些逼格。
服务水平一般，但是个人感觉卫生条件有待提升。上次吃东西时，送上来的茶具，卫生程度真是不忍吐槽。",0
火锅汤料味道很好，配菜分量足，美中不足的是没有作料，希望改进！😁,0
面挺好吃的，但我买的小碗拉面跟同学的那个素面一样的，但是价钱不一样？,0
外卖来的很及时，而且饭菜很可口，尤其是鱼丸特别好吃 ，值得试一试吆，以后还会再来的，赞赞。,0
饭菜送的很及时，而且饭菜很合口味，热乎乎的，很满意的一次订购，下次还会来的。赞。,0
那里有我最喜欢的咖啡，环境舒适，在那里懒洋洋地靠在沙发上，感觉像在家一样。,0
麻辣诱惑超好吃，食材也很新鲜！适合爱吃辣的宝宝,0
一直都很喜欢吃黄焖鸡米饭，这家特别正宗，味道也特别好，很喜欢,0
因为很喜欢吃蔬菜，所以点了很多蔬菜，商家还给我送了饭，感觉吃得饱饱的，下次还会来，很开心。。。,0
第一次购买，感觉分量足，口号也好，而且蒸饺还配了单独的醋，所以感觉很好的。,0
很不错。鱼很新鲜，现场做还是第一次见呢,0
感觉还不错，室友吃过说特别辣所以才想着试一试的，我觉得还好，还不怎么辣，还不错,0
环境不错，口味也挺好，菜都比我们学校的店里新鲜，挺不错的,0
金牌手撕鸡很好吃，值得再来😊,0
和朋友过生日吃的，巷子里的一家小店，干净简单，牛肉不错，就是位置有点小，其余也还行，串串实惠,0
还不错，人比别的地方少，感觉很惬意，没有星巴克的嘈杂！窗外的景色也不错！很喜欢这里的氛围,0
华师食堂旁的小蛋糕店，毛毛虫、奶酪面包、三明治还不错，适合学生，比外面稍便宜吧,0
麦当劳其实是最虐狗的地方，明明只有一个人...还要什么都买一送一，第二个半价，喝杯水而已....,0
团的比较便宜，点了糖粑粑和担担面都可以，味道还算可以，服务员态度好，还会关顾哒。,0
很多菜…果然是各种美食都有，之前要交10元押金，剩菜太多就会扣。环境还行，主要是吃的好吃，但是做菜的人态度不太好……给人感觉很冷漠……服务员有点不熟练成熟。总体食物满分，服务方面整体还有待提升，相比同类有点差距。,0
很喜欢的一家啊~ 意面啊~ 牛奶小方啊~ 都挺好吃啊~ 外卖经常点~,0
冲着鸡蛋仔去的，嗯，还行吧，就是一版鸡蛋仔12，好像有点贵哦。。。想想以前一块钱能买一小袋~不过现在都这样吧。。。但是不会再买了把,0
吃过好几次，喜欢水果皮萨和意面~ 要是位置在学校里面就更好啦~ 水果很好吃的~,0
同学很喜欢吃这里的烤羊肉串，和在北京吃的回民烧烤类似，在武汉算比较正宗的了，唯一就是大盘鸡之类的量比较少，烤羊排的话没有很好吃，总体来说不错,0
在武商量贩门口，开了有几个月了，最开始活动做的挺厉害的，各种半价，现在也还不错，比较清淡，有时候偶尔路过吃一下还可以，也不贵,0
偶遇，之前在鲁磨路吃过，感觉环境还行，刚开业，吃了一个海鲜拉面，味道不错，参鸡汤一般般，价格不贵，值得再去,0
老板人挺好，有次遇到停电几个点了的菜没法做，直接帮我们全免单了，心里暖暖的，不过最后还是把钱放桌上了，味道不错，离学校很近，很方便，过马路就是，喜欢吃他们家的寿司,0
肉质很好，肉也特别新鲜，没去之前听人说服务员态度不好，但是去了之后发现，服务员态度挺不错的啊！,0
点餐服务员不过来，加菜还需要自己去找服务员，真是服了，虽然味道还行但是以后不会再去,0
想吃寿司采取的结果寿司好少，烤肉的菜品太少了，环境还行,0
上次去的时候，先点菜了，点了最爱吃的牛蛙，结果等了半个小时都没有给上菜，问了好几遍都是在做了在做了，然而我看服务员根本没有去厨房问，有这个时间都吃完了，气得直接走了,0
甜品挺好吃的，尤其是芝士和千层蛋糕，但是我觉得酸奶有点酸，价钱不算便宜也不算贵吧。,0
口味还可以，就是图片与实物的数量不符合，我还以为鱼板烧是4元3串呢结果只是一串。,0
这家店的饭都挺好吃，尤其是混沌，炒粉丝和鸡腿饭，在9号楼点餐一般30分钟内就到了而且还便宜，好评！,0
阿姨给烤好 蛮放心的避免了自己烤不熟的风险哈哈 赞一个,0
外面说好牛肉类7折，结果结账根本不是那么回事！有欺诈行为！并不推荐！大家睁大眼睛！由于人多，反映问题并没有及时处理。不会再去吃了。,0
从开业到现在吃过两次！说实话，除了地段不是很好，其他都挺好的，服务，上菜速度，还有味道～好吃，没说的！推荐脆骨，肉筋！用料实在！老公最喜欢烤青椒！脆甜可口！火候刚刚好！推荐！,0
味道比较一般(甜口)，环境会略吵，而且后门总是关不住，这种天气门口的位置好冷啊！(ಥ_ಥ)没有期待中那么好。,0
特别差！6点半晚餐时间去的，从点餐上菜到买单都慢的要死！芥兰是没有叶子，根本不是图片上的样子。肥牛点中份上大份。总之，超差！用餐不满意。,0
可能期望太高 导致狠失望 有些菜品 比如叉烧酥 蛋挞 虾饺皇 没有其他同类店好呲 唯一满意的就是乳鸽。。。仅此,0
酒店位置明显，很容易就找到了。服务非常周到，菜品味道正宗，菜量大，酒店环境也不错，而且很有特色，值得推荐！下次还会去！,1
朋友介绍的一家店，总体感觉蛮不错的，装修得很雅致，在这种环境下用餐心情很愉快～特别喜欢吃他家的嫩豆腐，嫩的像豆花似的，还有桂花鱼做的也好吃。虽然我喜欢吃辣，但他家菜味道很清爽！有机会还会再来的(⁎⁍̴̛ᴗ⁍̴̛⁎),1
对这家餐厅总体很满意，菜量大，味道好，客家酿豆腐好吃，豆腐嫩，红烧桂花鱼味道好，满意。它的环境也有特色，客家味十足，适合度假，氛围休闲。,1
好久没来广东！回来到这边和爹娘一起来吃。总体环境非常好，很享受，环境也十分有特色。是比较传统的客家菜，菜品分量大，味道正宗，酿豆腐和盐焗鸡超好吃！另外位置也很好找，下次还会再来的！,1
环境很好 服务也很到位 菜量很多又好吃 味道又正宗 酒店所在位置很明显 房间阳光很充足 也很干净 床也很软 枕头也特别特别香,1
这是一家十分难得的做客家菜味道很正宗的餐馆，环境很有特色，江南水乡的诗意，十分适合聚会聚餐。我个人很喜欢吃鱼，所以我强烈安利他们家的一道菜，红烧桂花鱼，非常好吃。而其他菜的味道也不错，分量很足，第一次来吃客家菜就找到如此好的店，强烈安利。,1
由于之前没吃过客家菜，这次经朋友推荐说这家的客家菜不错，一直说要带我去，这次终于如愿了。还没入门，就被这外部古朴典雅的风格吸引了，内部装饰也是古色古香，总之可以看得出店主是花了很大的一番心思在装修上。菜的性价比很高，量大，强推酿豆腐！！从没有吃过这么嫩的豆腐感觉随时都要融化（比心！）,1
已经是第二次来吃啦，和之前一样，菜量很大，两个人点了三个菜吃得非常饱，真的是非常实惠，餐厅的环境也非常好哦，很适合朋友或者情侣过来聚餐哦，地方也很好找，总的来说，对于这个价位来说这个餐厅的性价比真的非常高！推荐大家都来吃！,1
这家做的客家菜非常好吃，特别是盐焗鸡和客家酿豆腐，菜品色香味俱全，因为是在汤泉度假村里面，所以用餐环境也是极好的，很喜欢它的装修风格，服务态度很好，服务员很贴心，菜的价格设置合理，此次用餐非常满意，以后还会再来的！,1
第一次来这个地方，不得不点个赞。首先环境非常有特色，氛围非常的舒适，很适合家人在这里团聚。不得不说这里的菜分量大，味道十分正宗，除了上菜稍微有点慢之外，其他都非常好。期待再来一次。,1
环境超级好的，亲近自然，让人心情愉悦，菜也色香味俱全，很有特色，放松身心的一天，价格也很公道，非常推荐！,1
这个店的环境很不错，位置也很好找。菜品也很有特色，味道不错，服务员态度很好！好评！下次还会光顾！这是一次很好的用餐体验。,1
没有辜负我的期待，吃到了正宗的客家味道，赞,1
和朋友一起去了中信汤泉酒店，感觉非常不错。作为一个吃货，觉得它家的饭菜味道非常正宗。我很喜欢它家的酿豆腐。但是这个时间已经没有蚕花猪肉汤了，好可惜。其次环境很好，风景迷人。非常可惜只顾着吃，忘拍照了。下次如有机会，一定会再去的。,1
强烈安利红烧桂花鱼！味道正宗的餐馆，环境十分有特色，菜也非常好吃。其他菜的味道也很不错，分量很足，位置很显眼，方便找到，强烈安利！,1
环境很好，地方也很好找就在汤泉度假村里面。推荐客家酿豆腐和盐焗鸡！菜品的口感挺不错的，量也大。服务很周到，态度很好。适合招待朋友，聚餐来。,1
环境和不错，实体店和图片比较符合，卫生方面也做得比较好。菜品很有特色，尤其是按豆腐，实在是很让人惊喜，味道都很不错，分量也很足，性价比挺高的，的确是一个值得推荐的地方。以后有机会的话还会再去的。大家也可以去试试呦。,1
去的时候位置很好找，环境也很优雅！喜欢这种风格！我很喜欢这样的环境. 菜量真的超大，而且味道超级正宗！对于我这种吃货来说真是无所求了！哈哈哈哈，下次也一定会再来的！,1
和几位朋友同去，客家菜很有特色，分量多，每个人都吃得很饱，菜的味道正宗，美味又健康养生，众人十分满意，装潢很有特色，环境好，温馨舒适，位置也很好找，诚意推荐,1
餐厅环境非常好，装修有特色，吃饭前可以来两张美美哒照片。菜的口味也不错，第一次吃客家菜觉得很好吃，朋友说是很正宗的客家菜，以后还会再来的～已经安利给其他朋友了！,1
这家酒店的环境挺好的，刚进去的时候服务员态度也很周到。酒店的菜也可以说物有所值，盐焗鸡和红烧桂花鱼觉得特别好吃，推荐这家酒店。,1
旅游的时候来的这里，因为饭店在度假村里面，所以说环境真的很好，氛围都十分舒适宁静，不论是就餐环境还是周围环境都很不错；还有就是它家的菜，在客家菜里面算是很好的，尤其是酿豆腐，真的敲好吃，强烈推荐，还有就是猪肉汤，也很不错，饭店服务也很好！总体来说是很推荐的！,1
这家饭店可以说是广东客家菜做的不错的一家，环境很整洁，菜的口味也不错，而且菜的量很足，服务员的培训也应该做的很到位，服务态度都是很好的。和家人来这边吃，消费体验很不错。,1
是一家非常不错的餐馆，酒店的位置很好找，去了很快就找到了。酒店环境也让人觉得很舒适，环境布置十分有特点，内部装饰古色古香，让人感觉很舒心。强推客家酿豆腐，豆腐又嫩又香，非常好吃！！红烧桂花鱼也很好吃，色香味俱全，尤其是味道，很不错。总体是一次很愉快的消费经历，下次还会再来的！,1
最喜欢的就是客家菜了，这家店绝对是我吃过最正宗的了！尤其是桂花鱼和酿豆腐。而且服务也非常热情，环境整洁干净,1
这里虽然离我们的地方挺远的，可是环境优雅，味道正宗，服务周到，人均也没有我们想象那么高，也算是可以接受的范围之内，相比提供的条件，已经算很棒了。几个朋友一起来这里的话，挺好的。也很适合家里人一起周末一起聚个会,1
这家酒店总体来说还是比较实惠的，菜量比较多，一般两三个人点个三碗菜就吃的很饱了，环境比较安静，盐焗鸡烧的恰到好处，推荐大家去尝试一下，以后还会继续去的。,1
第一次吃客家菜，朋友带我来之前还担心合不合我的口味，完全出乎我的意料，很合我的口味，菜的味道甜咸把握的很好，而且分量很足！还值得一提的是古色古香的装修，让人吃饭心情很好！下次还会来。,1
"汤泉度假村里的，位置可以。
餐厅环境称得上高大上，装饰从上到下华贵中式风。菜色出品质量蛮过硬，摆盘刀工有名厨格调，招牌客家菜外对百香果盅这类点心印象也很深刻",1
不错，酒店环境良好，四周风景依然，酒店的食物更事美味可口，各种佳肴，盐焗鸡，东坡肉，红烧肉，油而不腻，咸淡适宜。最值得一提的是，这家酒店的服务态度超好，从点单道上菜到加菜，结账，全程服务十分周到，必须推荐。,1
餐馆的环境非常的好，可谓依山傍水。第一次尝试客家菜，总体感觉非常不错，服务员也比较热情，推荐的菜式也很棒（因为自身本来不了解嘛）。最为独具匠心的一点便是其季节限定的菜，不但新鲜，其味道也很有水准。总的来说是一次愉快的体验，有机会大概会再去的。,1
这个客家菜，我给满分。菜的味道很正，尤其是红烧桂花鱼，简直心头大爱！店家的服务态度也蛮不错的，店面环境干净整洁，去吃东西感觉很舒服。总体还是相当不错的！,1
被朋友安利来这家店，结果发现真的很好，装修非常有特色！店家服务很棒，就是上菜速度有点慢，不过客家酿豆腐和野生核桃菜心超好吃，量也很多。,1
惠州的朋友推荐的酒店，正好来旅游，和爸妈一起去吃了一次，酒店环境很好，有种很古朴的感觉，服务人员也很nice。因为很喜欢喝汤，所以点了他们家的蚕花猪肉汤，意外的好喝，强推！另外他们家的酿豆腐也很好吃，很新奇的味道，推荐试一下～,1
环境很不错，很有特色。位置也蛮好找的，菜量很大，和朋友们一起来吃，大家都感觉很不错，味道也蛮正宗的！好评！在环境好的地方吃饭心情也好！总之是很愉快的一次用餐体验。,1
这个地方很僻静，中式花园，有一种私人后院的感觉，和朋友来很体面。建筑里面也很有韵味。这里做的菜真是不错，最喜欢鱼了，桂花鱼也是当季，客家酿豆腐，很鲜的。服务方面已经比一般的店要好不少了，平均有两个服务员看着。,1
在惠州读书三年了 吃的客家菜中觉得算最好吃了 菜量我们三个人也是非常足的 而且环境特别好很有特色 服务态度也挺好的 第一次去跟着地图马上就找到了 位置挺明显的 体验真正客家风情的强力推荐,1
和闺蜜聚餐的首选！超好吃的一家店，基本上每个月都要来大吃一次，味道也不是很重，对于爱美的女孩子来说是首选，他家的鸡汤特别鲜，还有桂花鱼，慢慢的胶原蛋白，强烈推荐！,1
为客家酿豆腐打call打call，味道很好太好吃了忘记拍照了嘿嘿~建筑很有特色，就餐环境还是很不错的。总体来说挺不错，推荐~,1
大众点评第一个差评，带鱼好腥！！！本来是看了推荐菜点的，真的很难吃，，，其他菜量也很少呀！请服务员帮忙拿一个勺子叫了四遍？？？好生气哦！,1
大众点评搜附近搜到的店，没有很高的期待。也的确不怎么样，量少，串上肉就一点点，别的底下都是大白菜。看着多实际上就一点点。锅底也不入味。不难吃，但也不好吃。,1
冲着名字和环境来的！和朋友一起在这样的小院子里吃饭，有种悠闲的感觉。价格和菜品也还不错，不过更多的还是吃个环境。酥带鱼好评！虽然不知道为什么米饭那么贵，但是总体还是很合口味的。,1
环境总体还是不错哒，但是位置比较偏不太好找。然后点的几个菜感觉酱都太重了些，牛腩菌菇都是，也可能是我们踩雷了吧…… 希望能够注意一下啦,1
偶然发现的小店~菜品不算多，有很多都是些家常菜但是味道确实不错~都是我爱吃滴，ps喜欢他们的装修，在红砖包围下吃饭超有怀旧感的！！:),1
最爱的中东料理 没有之一 环境非常不错 浓浓的中东风味 很有特色 烤茄子奶酪和金枪鱼沙拉每次去都会点 百吃不腻,1
口味一般般 菜量越来越少 没有什么特色菜 服务员素质一般 人手太少 老是顾不上人环境也不算好 有点脏 希望能做出改进,1
餐厅外观很有特色 用餐环境很舒服。菜色都很喜欢 量足也比较符合江浙沪这边的口味。必推芝士焗紫薯 芝士控一听名字就毫不犹豫的点了 也没有让我失望！按照点评里的推荐菜点单的 踩雷比较少。以后还会来点点别的,1
量很足适合多人聚餐 但是每个菜都带点辣而且太油了 不是本地人吃着有点不习惯……服务的话其他点评有说了 的确是不太好……定的包房服务员腿脚不利索 叫了几次还不耐烦了orz,1
装修挺干净的，而且主要是菜的味道好，很正宗的重庆串串风味，同学聚会大家都吃的很开心，尤其推荐香菜牛肉，我这种香菜控完全抵抗不了呀。还有那个莴笋片特别好吃，我们这一桌点了4分，很入味，很多火锅店都是切的条，比较厚，他们家切的片，很薄，很入味！但是服务好像就那样吧，没什么惊喜，一般吧。,1
不知道为什么会有那么多好评，这家店我看也就一般吧，菜特别油，油得吃了几口就腻的不行，一点都没有私房菜的感觉。最失败的是那个脆骨，炸的焦的发黑，咬都咬不动，感觉像是复炸过的。还有服务特别一般，服务员很傲慢，态度不好，环境也一般般，不会再来。,1
来武汉找朋友玩 住在附近刚好搜到这家店 进店发现装修非常有特色 同时菜品味道也非常不错 团购了二人餐两个女孩子吃的饱饱 非常不错的体验！,1
总体三星吧 来石家庄想尝试下特色菜 可能本身也是北方人的原因 感觉并没有什么特色 味道中规中矩 而且店内灯光还是比较适合吃西餐哈,1
和闺蜜一起去逛街的时候吃的，本来是想着天冷，随便吃点火锅什么的，没想到这家店真的超出预期啊! 装修不错，环境也挺干净的，给人一种暖融融的感觉。以及为毛肚和香菜牛肉打call！爱吃肉的我真的非常满足了！,1
听朋友介绍的这家店。一进店就感觉好暗，想换家吃但怕碍着朋友的面子。点完菜想喝水发现还得自己去倒水…真的有点不爽。不过茄子是真的不错，油不算太大，炒得很入味。其他菜就比较一般，面包诱惑的面包都是冷的…以前在绿茶吃的都是热的软乎乎的面包，比这家的好太多。唉希望能稍微改进点吧！,1
好久没吃风波庄了，当年就是被它的装修吸引，武侠主题很有意思，服务员店小二打扮，还会用江湖上的称呼哈哈哈。今天路过，就又进去试试，菜还不错，名字也很好玩，大力丸经典，两个人吃的很饱，有种在客栈吃饭的感觉，如果能再多一些特色菜就好了,1
第一次来，大众点评上随便找了家菜馆。可能是没点好菜吧，感觉口味一般，就沸腾鱼感觉还行，有些菜感觉不是特别新鲜，算实惠吧，因为量挺够的。环境和服务还可以，希望味道能再好点，有缘再来咯,1
作为一个武侠迷我不得不说！装修是我的爱 很喜欢这种别有味道的环境和氛围 服务生也会用很武侠的方式招呼我们和点菜。菜单也算是用心，每个菜都有自己的武侠名，还挺带感的，走进去就觉得自己真是丐帮帮主了。买的双人套餐，和朋友两个人吃其实稍微有一点不够，最喜欢大力丸，糯米酒淡淡的很适合女生，总体感受还挺好的，下次还会再来。,1
菜品分量都很足，但是我和朋友也就三个人，坐的却只有大圆桌…有点尴尬，菜有点油了味道还够不上“私房菜”这三个字，牛肉有点硬，黑鱼的肉质也不像新鲜的样子，需要改进。服务质量也有很大的进步空间，尤其是部分年纪稍长的人。私房菜还是要在菜品的味道上下功夫的,1
可以说是非常喜欢这里的环境了，复古风的装饰柔和的灯光非常符合我的口味，菜很精致，口味也棒，而且确实不贵，性价比很高，强烈安利泡菜肥牛，绝对是我吃过最好吃的！！！上菜也很快！碰到这么好的一家店真是旅途中的意外之喜了。,1
总体感觉很一般，首先菜量比其他同价的餐馆少，味道也没什么特别的，木须肉没多少肉，疙瘩汤味道怪怪的，西兰花真的太淡了，可能和我挑剔也有关系，菜上得也不够快，几个菜都是催的，价格还好吧，反正就勉勉强强。,1
一进门就有穿越的感觉，菜名也很江湖！水煮鱼片口感很好，滑滑的，很特别，大力丸外面包着米，一层一层，很惊喜。总之，服务态度，菜品口感都很好，还会再来的,1
来玩，搜大众点评，冲着私房菜来的，但是味道不是想象的那么好，脆骨有点硬？年轻人嚼起来也有点费劲。菜品总的来说有点油，小贵，希望提高菜品水平。,1
跟同学一起来吃的！位置非常好找，离解放碑很近的～我们都很喜欢，菜的份量足，而且辣味也够刺激，总体感觉很满意！这次来旅游能吃到感觉很满足了,1
味道很一般，没有什么特别好吃的，而且感觉味道有点咸，不过也可能是个人口味。就是很普通的家常菜？大概不会再来了吧,1
烤肉和色拉味道很棒，服务态度很好。下次还会去。,1
糖醋里脊有些腻，就餐环境差，有顾客抽烟，服务还好。,1
"和朋友中午刚吃完哈哈，第一次来这种主题餐厅，以前就特别喜欢影视剧里那种客栈，当时就觉得现实里如果有类似的肯定会大火啊！然后超喜欢店给我的感觉，各种装修都很到位，虽然我本人不是武侠迷所有有些不懂哈哈。
看了评论点了大力丸、茄子烧油条、手撕鸡，感觉也不太咸，可能是我本人口味比较重的原因。
总之，打call！以后还会来的！",1
实在太饿了，所以和朋友随便找了一家吃。环境有点俗气，不过还好，但就是觉得私房菜要高级一点的...口味是最让我难受的，我本人也是吃咸的，但是点的菜感觉除了咸就没了。油也放的有点多，看上去没什么胃口。服务也就一般，催了几次菜。看了评论感觉很多人都吃亏了，以后也要先看看评论。,1
湖南人表示这火锅真的很合胃口啊！尤其是牛肉，又香又嫩！店里客人还是挺多的，稍微觉得有点挤，不过服务员态度很好，服务很周到。整体环境也不错，干净卫生，推荐！,1
店里真的挺暗的，而且感觉卫生也不太好，一进去就有一股难以言喻的味道。。上菜极其慢，等了半天去催服务员还拉着个脸很不耐烦的样子。菜品口味也很一般，油腻得很，味道太重了。,1
店里的环境很好，卫生整洁，坐在里面用餐很舒服，墙上还有一些壁画，很有趣。菜的种类很多，菜品也比较新鲜，毛肚和鸭肠好吃，价钱也不是很贵，还是很划算的。,1
菜品价格偏高，也不是很好吃，没有达到期望值，感觉不值。另外，服务方面做得不是很完善，部分服务员态度冷淡，对客人爱理不理，体验很不好。,1
和喜欢武侠风的男票去武汉的时候特地去的。装修风格是少有的精致而不失个性。菜的话推荐口水鱼和蟹黄豆腐，这两道经常点的菜他们家做的很好。服务员们都很客气，也会主动问候。,1
菜和环境真的都很一般。菜的分量比较少，没什么特色，而且等上菜是等了很久。很多设施已经陈旧了，空调也不给力。服务员很多时候都在忙，叫了好几次也没过来。人均160多，总觉得不值这个价,1
跟好久不见的老朋友约见面，选了这家貌美的店，店门口尤其好看，绿意盎然，搭配白墙，平添了一份清幽的气质。点了一份双人套餐，吃到撑…可能是自己口味比较重，唯一喜欢的菜只有鸡爪炖猪爪，糯香且入味，可以跟我在广州吃的早茶相媲美！其他的菜无功无过。真的很喜欢店里的环境，下次再来试试其他热门菜。,1
家里人请客小聚，本来很开心的。但整个餐厅的氛围冷冷清清，菜也不太新鲜，主要是服务员不理人。我们后面加的菜，一个比一个上的慢。幸好我把我爸的暴脾气给劝住了…哎总之，除非大改特改，否则是不会再来了。,1
在重庆吃的第一顿，很想吃辣的所以来了，一进去非常干净，很舒服，果然不负所望。菜品种类多，也很新鲜，尤其是牛肉，很嫩，吃得很爽，服务员态度也蛮好的，有什么需要的直接说，服务很到位,1
之前和朋友一起去的，味道还行，但周围有点吵，环境一般，人有点多所以服务员很忙，都忙不过来，叫了也没人理，只能算了，朋友说菜量也比以前少了，，,1
少数民族闺蜜推荐的店，果然非常棒！味道很赞，干净卫生，上菜也很快！很喜欢这种异域风格的装修，墙上的画很漂亮、很有特色。服务也很热情，是个朋友聚餐的好地方！推荐烧烤拼盘，造型不错，分量也足。,1
价格偏高，请客不是很划算，停车还算方便吧。去之前的期望值很高，但去了之后多少有点儿失望……刺身不是那么新鲜唉～还有服务方面有待提高，服务员不是很热情，叫了好几次才过来，不知道是不是太忙或者员工不够的原因……,1
"听说武侠风很有特色，就来感受一下。
果然，从餐具，到菜单，还有店内的装饰，很有感觉，体验很棒。
提前了解了一下特色菜品，菜品还算齐全，菜品不错，荤素搭配着点了一桌，因为我个人口味不算淡，觉得口味还可以，但是大力丸稍稍有点腻。
店内服务还可以，特色用语还是不错的。",1
首先，环境还是很不错的，可能也就是因为这个原因，菜品定价比较高?两个人去吃可能比较不划算。个人不太能吃辣，可能比较正宗但不太适合我。服务态度还是比较能影响对于餐厅的总体印象的，建议在这方面加强。,1
卫生一般，味道一般。对我来说是比较不好吃的一家。因为口味比较酸辣点、复杂、使人不太舒服。而且盘装菜都是白菜垫底、希望店家在菜的分量上有所改进。,1
服务员态度好，性价比虽说的过去，但是这样的菜去哪里小饭店都吃得到吧，味道还行的。环境也好。还是给商家漫漫的四星。,1
之前在微博上看到有博主推荐这家店，趁着旅游特意过来吃，但是挺失望的。首先价格并不便宜，而且菜量实在是太少了。我们4个女孩子吃了300+，基本都没吃饱。每根签上的肉就一点点。。。而且服务员的态度实在太差！！全程黑脸，一直在强调人均最低消费，不停让我们加菜。感觉就是比较出名的网红店，专坑外地人，反正是不会再来了,1
作为串串迷，抱着很大的期待来的。但是实际味道却没期待的那么好，和普通火锅一样，辣味够足，但没有以前在成都吃的那些火锅店的香味，而且吃到后面越来越咸。还有就是分量，土豆片比别家的薄，蔬菜也是几片盖住盘子底而已。。。应该不会再来了,1
三个礼拜前趁着周五和周一没课，就跑到重庆去找高中闺蜜去聚个餐。看到这家口味评分挺高，就来了。总的来说，味道还可以，是挺正宗的老火锅。不过环境不如上海这里的火锅店好，可能也是因为去的时候正好是饭点，人实在太多了，旁边几桌挺吵的，让我和朋友都没法好好地讲话了。可能也因为人比较多，所以上菜的速度不快，让我等了挺久的，所以服务的速度就比较慢啦，不过态度到还好。,1
味道还不错。但是量有点太少了，尤其是自选菜下面放的都是大白菜根，看起来还挺多的，吃起来就会发现实际上量很少了。点了一堆，最后也没吃饱。,1
菜品份量较少，好几样都是大白菜垫底充数。汤底除了辣以外没有香味，和期待值差距较大。环境还可以，但是服务还可以进步。总的来说，性价比不高，也没啥特色。,1
听了朋友的推荐来的，但有些失望了。菜品价格略贵，分量也比较少，锅底不入味，个人觉得口味一般，口味重的朋友们不建议尝试。,1
用餐环境很好～在一个小院子里面，不太显眼，走进去很安静，适合和朋友聚餐。菜挺正宗的，酥带鱼和酱香牛腱很好吃～价格也适中，还会再来哒！,1
（环境）环境不错，布置清新别致，随处可见绿色植物，让人心旷神怡。（菜品）鱼香肉丝，鱼肉非常嫩滑，一点腥味也没有；烤兔肉非常鲜嫩，厨师功夫真的不错。最值得一提的是价格不贵，性价比高，很适合带一家老小来吃饭。（服务）店员热情认真，有一道菜品店员上错了，我们也不大记得直接吃掉了，后来结账时候才发现，菜品的价格比我们预期高出不少，店员立即道歉并且按照原来的菜价结账，非常友善,1
今天吃了大城小厨，感觉味道还不错。和家里人一块吃的，大葱烧豆腐、果仁菠菜是里面我个人比较喜欢的，因为我自己喜欢吃清淡的，所以觉得他家这两道菜烧的简简单单，很像小时候外婆她们烧的那种。另外呢，这家店的环境虽然不是特别高大上，但砖块的图案，会让人觉得像在老家的小屋里一样,1
价格还挺便宜的，但是味道一般般  木须肉什么的，点了三道菜，都是家常菜吧，随便吃吃还好没什么惊喜  环境一般，饭点人多，服务员也比较忙难叫,1
味道不错，营养均衡很健康。推荐杭椒牛柳和果仁菠菜，牛柳烧的挺嫩的，菠菜和果仁搭配有新意，口感丰富。就是天气凉有点冷飕飕的。,1
这个是我妈前段时间出去旅游的时候吃的餐厅，她说挺好的，强烈推荐我去的时候，也去这家店。她说这家店非常正宗，而且口味很适合她。除了口味之外，她觉得这家店服务特别好，有个服务员，特别会讲话，把菜介绍得特别好，特别是推荐了好几道菜当地的特色的菜。最后菜上来以后，果真味道非常不错。至于环境的话，总的来说算是比较整洁卫生的。,1
味道不错呦，是我喜欢的口味！而且最重要的是，每盘菜的分量都很足。我们吃得最后剩了好多，下次去的时候一定记得要少点点，就不会那么浪费啦哈哈！,1
装修蛮不错的，看着挺干净。口味偏重偏咸，有种吃调料的感觉。冰淇凌馒头片感觉不好吃，炸馒头蘸冰激凌并不好吃，而且他家的草莓味冰激凌真心难吃。杂鱼腥味好重，咖喱虾的虾线也没去掉。饭点去的，排队排了挺久。几次招呼服务员，让服务员帮忙加水，等好久才过来。唯一比较好吃的只有招牌炒饭，肉松好吃。,1
趁学校运动会不上课在杭州玩耍，来吴山广场玩儿，中午在小吃街吃的，晚饭就想换点不一样的，大众上看到这个店就来试试~餐厅的环境好喜欢，门口墙上有爬山虎，落地窗外都是绿植~两个人来没法点太多菜，鸡爪炖猪爪炖得烂烂的很入味，带点甜的卤味个人觉得很好；冰淇淋馒头片hhh以前都是吃面包诱惑这次是馒头片也不错哦，奶香小馒头的感觉；毛豆臭豆腐也是第一次看到的搭配，还可以；炒饭是饭上面一层肉松，不知道为什么叫炒饭，但是拌一拌还是挺好吃的   以后还会想来尝试别的菜，推荐~,1
一家装修很文艺的餐厅，不过口味真不太行，菜量也少。鸡爪炖猪爪虽然肉质不错，但有点偏咸，吃几口就得喝点茶；柠檬鲈鱼的鱼肉有点不新鲜的感觉；炒饭的话，略微有点散，水分可能有点不够；唯一还可以的就是螺狮。上菜稍微有点慢，有几次向服务员示意加水也没看到。总而言之，仍需提高！,1
逛完河坊街来吃的，从外观看了这家装修不错，大众点评上也不少好评才来的。确实环境还算不错吧，但是食物真的不尽如人意，冰激凌馒头片没有想象中好吃，鸡粒煲茄子感觉一般般吧。牛腩花菜不好吃 感觉不是很新鲜。至于服务吧，只能勉强说一般，服务员好像觉得因为他家不缺客对客人态度也就很敷衍的样子。要什么东西都非要催着他们，上菜速度也慢。总之整体而言略让人失望。,1
看了那么多的好评 进门的时候满怀期待的 但是出来的时候整个人都不好了 点了几个说是招牌的“招牌菜” 但是那味道比我老妈随手炒出来的还差 油的太油腻 淡的又完全没味儿 四个菜只有一个红薯虾称得上是好吃的 还有！服务员的态度更是让人无语 上菜慢 催了也没人理 真是绝了,1
特别坑。招牌菜味道真心不出彩，肥牛上来的时候都快凉了。服务效率不高，不知道是什么逻辑我们明明先来的结果还给隔壁桌先上菜。看了下其他评价，很多口味反应不是太好，这种店可能就是骗骗外地游客还行，下次不会再来了。,1
上个月来云南旅游，路过这家餐厅。手撕烤鸡好吃，又酥又脆，鸡肉也不老。香辣脆炒板筋吃起来超级香，板筋很有嚼劲。粉蒸肉也不错，总得来说菜蛮合我的口味。服务也不错。,1
来吃之前就在大众点评上看过这家店了，特别想试试傣味牛肉。吃之前还比较忐忑，怕酸辣口味太重，吃完之后觉得还挺好吃的，我这种能吃酸能吃辣的体质意外地很喜欢这道菜。另外还点了香辣脆朝板筋，板筋和辣椒又香又脆，真的很好吃了。记下这家店，下次还回来吃的~,1
餐厅的环境很好，装修设施都比较大气，周围风景不错。菜品口味不错，看着也挺精致好看的，吃着美食欣赏美景~ 下次还会再来,1
菜品的口味很满意 尤其是招牌红烧肉和尖椒鸡特别好吃 虽然价格有点高 但是饭菜的分量挺足的 也算是物有所值吧 环境也不错 在包间里很清净 总之还是挺满意的 值得推荐～,1
（环境）总体环境被立式旧空调，风扇，还有小广告拉低了档次。建议换成中央空调，小广告太突兀利润，要打小广告也可以换成武林风格版式。（菜品）菜品一般，味道正常，价格不便宜，因此性价比一般。（服务）小哥服务就像被迫劳动似的，缺少笑容，比较冷淡。只能说满足了基本沟通需求。,1
冲着武侠风去的，装修菜名招呼还可以，但是服务员太羞涩了，武侠体验大打折扣。而且本身自己特别讨厌烟味儿，但是店里到处是吸烟的，不能忍。菜的话之前看评论说很咸，确实是！！作为一个北方人都觉得太重口了，而且很油腻…没有什么特别好吃的菜。,1
很有江湖味道的一家店！【装潢】比想象中简陋，位置在角落拐角，不是很起眼，也不是在繁华的大街上，也许走江湖的要的就是这个feel？【饭菜】口味整体很油腻！！印象比较深的是茄子油条。。没有想到会有这种做法，又咸又腻，唯一的好处就是下饭了吧。。大力丸很实在，外面糯米包着肉包着蛋黄，但是越吃越腻，闺蜜最后实在受不了，点了一个青菜吃，总体一般，毕竟价格也不贵,1
之前去石家庄玩的时候朋友推荐去的！店面装修真的好有特色，而且气氛也很好，最重要的是性价比超高！各种菜都很不错，推荐凉皮和鹅卵石鸡蛋，凉皮很正宗，第一次听说鹅卵石鸡蛋，尝试一下，很不错哟！,1
环境很好，门面不大，性价比超值，口味不错，不贵，烤羊腿真的很香，老豆腐是真的老，味道很足，汤汁浓郁，砂锅面不烂有嚼劲。下次有空会尝试别的菜。,1
"鹅卵石鸡蛋# 可以说是很好吃了！相当有特色！
凉皮#量大味道足 作为一个北方妹子 可以说超级好吃！
环境 灯光比较暗 但是很有氛围呀！
店面虽然不大 但是超级有特色
很喜欢 还会再来",1
来店里吃的午餐 店面装修的不错 但里面灯光确实太暗了 让人昏昏欲睡 希望店家能改进 菜品不错 份量都特别足 特实在 味道很赞 服务也很热情 虽然忍受有些不够 但态度都特别好,1
一觉醒来就快10点了，于是赶紧出来找吃的把早餐午餐一起解决了。小馆位置还挺找的，店面装修也别出心裁。点了烤羊腿，鹅卵石鸡蛋，凉皮和娃娃菜。凉皮一直是我最爱，爽口有嚼劲；烤羊腿真的超级香，真的是瞬间吃完；鹅卵石鸡蛋很有特色，味道也还不错；娃娃菜嘛，青菜类必点！总的来说，就是环境简约，味道赞赞赞！,1
是在大众点评上看到的这家，于是和朋友一起去吃了，果然大家推荐的都很不错，这家小酒馆的装修风格很棒，特别适合和朋友惬意的喝酒，菜的份量很足，最推荐的是鹅卵石鸡蛋和皮冻，真的名不虚传。特别是皮冻很嫩很Q弹，排骨灌肠很有特色，但稍微有点油，不过建议尝一尝。总的来说还是很不错建议和朋友一起喝喝酒聊聊天一起吃吃特色菜。,1
和同学一起去的这家店，地方还算好找，周围环境还算可以，绿化很多，但是里面吃的东西就一般般，点的白切鸡不是很好吃，糖醋排骨有点硬，端上来的时候有点冷了。服务员不是很主动，总体来说不是很令人满意。,1
酒店环境挺好的 很干净也很安静 服务也很热情  态度挺好的 但是菜品就不是很好了 不仅分量少而且觉得不是很新鲜 性价比不高 希望改进,1
服务不能走心点吗，，，在门口等了好久连招呼的服务员都没有。菜也不怎么样，总觉得那个什么烤奶酪有股怪味，该不会拉肚子吧早知道就不排队了。朋友还安慰说吃这种店本来就是吃环境，这次确实学到了。,1
是一家弄堂小店，正好看到了就进去了，环境很好，干净卫生，好奇冰淇淋炒馒头是什么东西就点了，超级好吃的啊，推荐！,1
请朋友去吃饭，上菜很快，但是量一般般，性价比不高。服务员态度太差，叫了好几遍才过来，爱理不理的感觉，以后不会再去了,1
前天晚上吃的心满意足，现在才想起来要评论哈哈！虽然地方有一点点偏，但是并不能抵挡吃货去寻找美食的欲望嘛。果然菜品不出所料，特别是小郡干，我觉得真的数得上重庆市内排的上号的佳肴了！！两个人一共去吃了162块钱，觉得很不错，服务也很棒，服务员特别热情！！下次想着还会去吧,1
菜品味道不错，特别是冰菜，凉凉的脆脆的，绝了。环境也很好，厅堂十分霸气。但是，美中不足的是这里的服务实在是不堪入目，明明我们一席人在约定时间之前提前已经到了，但服务员一直对我们不理不睬，去找他们也是没有反应。每个包房收了好高的服务费，觉得与这样的服务不成正比。,1
很有特色的一家中东菜，第一次尝试这种新风味给我很大惊喜。菜品摆盘精致，口味独特; 环境干净整洁，清静优雅;服务贴心到位，周到细致。整体给人很舒服的感觉。还有很多想吃的菜，是一家值得多去几次多尝尝鲜的好餐厅!,1
是一家很有云贵风格的餐厅，从装潢 、菜谱、服务员的着装上都能看出来。但是菜品口味想做到创新却又丧失了特色，味道还是不错的；环境整洁大气，清净优美；服务略微有些不到位，存在应答不及时的问题。希望能有改进！期待下一次去能更好！,1
环境一般，雪都快化了，而且附近树比较多，一不小心就会撞上去，希望可以多注意注意安全问题，总体体验真的很一般，希望能有所改进。到处都有想要来做你教练的人，有点强制消费的嫌疑。 ,1
按摩师手法很专业，操作很规范，SPA的精油质量很正；水温和气温很不错，容易让人放松下来；价格也不是很贵，适合平时去消费，希望能继续保持，不要像我小区门口的那家。 ,1
看完电影想吃火锅，就尝试了这家。毛肚很新鲜，嫩肉片我要为它疯狂打call，煮着煮着忘记了也没有老掉，沾了酱料咬下去简直棒呆。环境的话，作为火锅店很有那种热闹的气氛。,1
点了推荐的酥带鱼，感觉完全get不到哪里值得被推荐，性价比虽说的过去，但是这样的菜品随便哪里的小饭店都吃得到吧，环境也说不上有多好，服务员给人感觉也懒懒散散的。,1
店名很有特色呀，大隐于市，也确实名副其实。装修得很文艺，坐在里面吃饭感觉很舒适。菜的口味还不错，有很多新奇的特色菜。特别推荐鸡爪炖猪爪，两者组合味道很棒，很鲜美。服务有待提高，上菜速度不是很快。,1
人均五十多，有点小贵，跟饭菜口味不大匹配。饭菜口味只能说一般，没有让人特别惊喜的地方，分量也不是很足。而且米饭是三元一位让我很吃惊，一般顶多一两元一位，四五个去吃居然米饭就要十几！环境还说得过去，服务质量有待提高。,1
朋友请客，刚到店里时，感觉环境还不错。但是我们去的时候人比较多，服务员态度一般，而且上菜有点儿慢。而且有的菜感觉不太新鲜，肉太硬。,1
和朋友一起去的，装修风格很喜欢，简约现代，别出心裁，整体环境很棒。服务员也非常的热情。最主要的是，菜非常棒。特色菜鹅卵石鸡蛋，真的很嫩，而且店里的肉菜也很棒。,1
菜品的口味非常棒，推荐的菜品也很有特色，环境也还不错，服务真的好，很热情。总体体验不错，下次来这旅游还会再来的！,1
味道真的是很差，简直无语，不知道为什么会有那么多人好评，菜又很油，难以下咽！服务也一般，环境也就那样吧不太好。,1
口味很好，尤其是客家酿豆腐，很有特色，不过整体偏咸啊。正好朋友生日，知道有优惠，简直惊呆了。不过分量还是少，我和朋友俩人有优惠还花了300多块钱，有点遭不住。服务态度不错，我对服务态度好的店没太有抵抗力，这一点上加分不少。环境的话，一般吧，大厅里吃饭也不是特别安静。整体看的话，还是值得偶尔去一次的。,1
环境确实好，但除了环境好以外没有什么特色。味道并没有什么突出的地方，红烧肉也没觉得有啥特别，量还少，俩人吃了小四百还没吃饱。最差的是服务态度，简直无话可说。不会再去了。,1
"去重庆旅游的时候找的地方吃的，很好很有当地
特色，虽然丸子种类比较少但不影响整体好评。
服务态度很好，餐具很干净，汤很入味！",1
在云南玩的时候去的，在景区环境不错，可是肉的味道感觉不是很鲜，不知道是放的时间久了还是怎样，味道差。,1
"来这边想尝试一下正宗的重庆火锅，结果体验好像并不如想象中那么好。。。
想先随便点些试试所以点的比较少，结果服务员态度似乎就不那么热情了，而且还老是时不时过来关火又开火，感觉吃火锅的心情都被破坏了.
到的时候人比较多感觉有点挤，环境还算整洁吧。
不过口味还是不错的，希望服务能有所改善!",1
想着找个环境优美安静的地方休息一下，于是就到这里来看看，的确很有小院那种宁静悠闲的感觉，环境布局很用心。菜的味道一般，个人喜欢这里的家常菜，米饭还是略贵了些。服务水平也很一般，但从总体来看还是很不错的，适合在阳光明媚的时候去。,1
哇，炒鸡惊喜呀，串串炒鸡好吃，可供选择的种类超级多 重要的是吃完之后是拿竹签按斤计价，太实惠啦，麻辣牛肉和小郡肝超棒，而且环境也很好，菜品新鲜，吃的放心,1
首先要说的是环境真的很好，但是大厅略超也是真的，菜的口味不是很出众，米饭偏贵，服务态度，也就那样吧，也许来的更多看中的是环境吧，追求美食什么的还是算了吧。,1
来这里可以说是吃得心满意足的一次了！种类比我想象中的齐全，然后好多，比如毛肚，牛肉和嫩肉片，都非常新鲜！味道足，串串算起来也是比较实惠。去的时候人挺多，不过还好不用排队，而且这样热闹也的确有吃火锅的气氛。特别值得一提的是大姐们的服务，果然就跟重庆的火锅一样，热情到不行！,1
总体来说，味道一般，只能算是大众口味吧，而且种类也少，虽说份量还是挺足的。服务员很热情，可惜就不能多雇一两个吗？感觉服务员总是忙不过来，催菜就很烦。环境算不上静心打扫的那种干净，可能也是服务员太少的必然结果吧。,1
环境清幽，很有食欲。当地菜品口味正宗，大饱口福。服务员态度很好，很好的用餐体验。推荐鸡爪炖猪爪、泡菜肥牛、红薯虾等。下次来还想吃,1
菜品感觉一般般，可能口味不合吧，菜品还这么贵。服务真是无语了，叫了半天不来，服务员也冷冷淡淡的，好像别人欠他钱一样，下次不会再来了吧,1
一家土耳其特色餐厅。位置比较好找就在国际大厦北侧，友谊商店后街，在建国门使馆区。都纳尔烤肉非常好吃配上腌制的紫甘蓝和辣酱。服务态度好评！,1
首先说一下停车场位置非常难找，停车位也不够。整个餐厅的环境一进去就给人感觉很压抑，假如说是多人聚餐的话还是不推荐这家。服务员可能是不够吧，每次叫了都要等一会才能来。,1
误打误撞找到了这间餐厅，坐落于一个很幽静的小巷子里，古色古香的环境让人很舒适。东西都很好吃，特别是鸡爪炖猪爪，我一个人吃了好多哈哈，服务员态度也还不错，下次再来！,1
就是很普通的家常菜，没有什么特色，而且总感觉口味有点怪怪的。环境一般般，但是服务员的态度真的很差，点单和结账的时候都是很不耐烦的样子，下次不会再去了。,1
整体环境还不错，就是位置有点偏，不容易找。门面装修不错，干净整洁。味道很好，辣味适中，麻辣牛肉果然很好吃，值得一尝。菜品的价格适当，分量稍不足，但也够吃。签子以斤来称，比较划算。但是服务水平不是很好，希望下次能改进！,1
在大众点评上看到的这家店，觉得店名挺文艺的，看着也挺不错，就决定去尝一尝，但是却有点失望。菜品一般，是家常小菜，人均四五十，按大众点评推荐的点菜，鹅暖石鸡蛋还行，别的也不是特别好吃。环境还好，挺文艺的，但是整体比较昏暗，让人犯困。服务一般般，点菜时会催单，上菜还比较慢，希望能改进！,1
店面确实武侠风格满满，环境很具有特色。用武功秘籍点餐很有意思。手撕鸡给人一种大块吃肉的感觉，配上英雄酒简直爽的不行，茄子烧油条香脆入味，点的几个菜都不差，分量也足。店家小二服务很热情，真要觉得自己是客官啦。总体上还是蛮不错的，以后还会来。,1
菜品各方面只能说一般，没什么特色，味道尚可但也谈不上多好吃，数量不多。环境还是比较安静的，但是设施有点旧，装修上有点过时了。服务不是很到位，上菜有点慢，接待也不是很热情。价格偏贵。总的来说一般般吧。,1
典型的黔菜餐厅，环境幽雅是这个餐馆突出的优点，感觉环境凉爽空气清新。菜品方面，感觉味道都不错，比较清淡，有贵州特色，服务也还不错，给五星吧,1
本人是很喜欢吃串串老火锅的，这次在网上搜到这家，慕名前去，但是口味令人失望，环境感觉一般般吧，关键是服务一般，牛肉感觉不新鲜，虽然后来给换了，但是态度还是感觉一般,1
菜品的口味非常好  盐焗鸡非常好吃   有家乡的味道   红烧桂花鱼也是超级可口   环境不错   干净  服务态度也是很好很好    朋友推荐来  没想到感觉这么好   还会再次关顾的,1
就是奔着在停车场旁来的    结果   感觉非常非常一般    家乡菜的味道也很油腻   没有尝出家乡的味道    看着挺大一个店  感觉就和路边小馆的味道差不多   就  一般般吧   也很贵  人均130,1
餐厅是武侠风的装修，给人眼前一亮的感觉，比较符合我个人的口味，小二服务也很好，有一种置身江湖的感觉，总之就是一次很愉快的体验，以后还会来，给店家好评！！！,1
服务员的态度不是很好，有些影响心情，人多的时候上菜会很慢，而且人手太少，根本照顾不到每一个顾客，菜量越来越少，就餐环境也是一般般,1
哇，这家店的位置真的好难找啊。不过，酒香不怕巷子深嘛。点了招牌的大力丸，洪七公叫花鸡和茄子烧油条，三个人又要了一瓶桂花酒，配合着店里武侠风格的装潢真的是大快朵颐，怎一个爽字了得!,1
"本来是听说那家小馆的名声还不错，和朋友出来旅游嘛，就吃好一点。
两个人点了招牌的鹅卵石鸡蛋和农家的蒸小酥肉，味道还可以，不过上菜也是太慢了吧，出来玩总不能大量的时间都花在吃饭上，希望店铺能有所改进。",1
客菜做的很好吃，跟着地图很容易能找到，地理位置很明显，菜做的也很有特色，味道也是正宗的，很喜欢这里的糖醋排骨肉，总之很喜欢这家店 ,1
菜的分量比较少，而且没有什么特色，上菜速度很慢，让人等很长时间，服务不是很好，而且设施比较陈旧，尤其是空调的制冷效果不好，大热天的我都在那儿快闷死了,1
朋友推荐来到这家餐厅，一进门就很有异域风情，整体环境也挺不错的，适合来喝下午茶。很推荐土耳其甜茶薄荷茶，加糖后口味也不错。都那尔烤肉口感也很不错，肉也很新鲜。这家的鹰嘴豆酱沙拉蛮有特色的，第一次尝试。以后到秀水这边来的话肯定还要再来品味一番～,1
虽然停车方便而且环境也还不错，但是上菜真的好慢呀，服务员也不积极，餐具也感觉不是特别干净 可能我洁癖比较严重。菜品也是越来越贵，味道也没以前的好了，总之是不怎么推荐吧！,1
分量超级足！另外很喜欢这家的烤肉了，味道很棒！老板和服务员服务态度也很好，感觉像是贵宾入场一样哈哈哈。三个人一起来，费了很大劲才吃完，下回要稍微点少一些了。,1
味道真是很一般的，环境还好，不是太差但是说不上好，服务生爱理不理的，态度不行呀。只是消费可能便宜一些，不是暂时很拮据真不会来这家吃。,1
味道还不错。但相比起味道环境就很加分，装修也是弄成客栈那种，还有小二，完全是正中我这种武侠迷的取向，真的有一种身处在江湖之中的感受，尤其是吃手撕鸡的时候感觉自己就是绿林好汉，就感觉很酷。菜的话强推叫花鸡，味道超好，不过好像是限量供应的。还有桂花酒很甜，很好喝,1
口味很一般，就是普通的家常菜，没有任何特色，这家店留给我的印象也就只有店员不耐烦的表情了，从头到尾就是一副爱吃吃，不爱吃滚的样子。体验极差,1
餐厅位置有些偏僻，但是环境特别好，服务员非常热情，服务态度让人满意。菜品价格有些小贵但是味道很不错。值得一去。,1
总体不是很让人满意。环境可能因为人多有些嘈杂，服务员对于顾客要求也经常没空顾及。最重要的是菜品量太少，吃不饱。,1
店在解放碑附近，奔着火锅来的，结果觉得菜品一般但是挺贵，环境不是很好，旅游去的很吃不惯，不会再去第二次了.,1
西坝路上一家店，去昆明吃的特色贵州菜，很有特色，菜品很好，强烈推荐手撕烤鸡啊真的很好吃，店的环境也不错很好找，去昆明的很推荐就是了,1
本来想朋友推荐着一起去聚会，应该会不错的，结果让我大吃一惊，饭菜量特别少，还特别辣。牛肉吃上去还有酸的味道，像过期的牛肉，跟服务员说还说不管，服务态度贼差，真的气死了，难得同学聚会被搞成这样，真的是醉了,1
今天和朋友一起来这里聚餐，饭菜的量是挺足的，周边的环境也非常好，全玻璃的构造和绿意萦绕的设计，让人十分惬意。尤其要推荐的是他们的酥带鱼，非常脆，咬下去的肉是非常嫩的，还有汁水。海鲜也十分新鲜，都是现场活杀的，而且烧的味道也很好，就是糖醋排骨太甜了点，其他的都挺好的。,1
来重庆本想着吃点正宗火锅，但是感觉很失望，跟本地的没什么区别啊，味道没特色，汤底油太多，看着就不卫生，而且店面也很一般,1
很开心点用餐体验，菜很有特色，味道也不错，看起来很精致，也很卫生，价格也不高，跟朋友一起来吃的，下次还回来,1
店在解放碑英利国际对面八一广场旁小巷子里，有点偏。个人感觉菜品一般，量比较少，基本都是大白菜垫底，有的食材有点腻味不太新鲜。环境还可以，但是服务质量比较差，希望能商家多改进～,1
西福路站下车，旁边就是西华山水餐厅。位置略偏僻但是环境真的精致优秀！店内装修很好。云贵风味，美食诱惑，非常好吃。菜品量也适中。服务员挺多的态度也不错，下次会再来！,1
这家餐厅里面装饰很清新，但外面简单，没有辨识度。服务一般。说到菜，大部分的菜不仅份量少，而且很油腻。甚至口感还比不上一般的餐馆。反正并不推荐。,1
去这家餐厅是因为小哥哥结婚，真是一饱眼福和口福呀。环境没话说，高大上。服务员既细致又热情。宴席上有好多好吃的地方特色菜，真想再去。,1
串串香是全国连锁店，让人比较放心选择。不论是口味还是服务和环境都是熟悉的味道。菜品依然很多，汤底辣度非常可以（我们大部分人都喜欢吃辣），毛肚鸭血腰片等内脏都是一点都不腥，菜都很新鲜，而且分量也足够，十分适合朋友聚餐，赞一个～,1
"说实话，也就环境马马虎虎了。家常菜炒的毫无特色，特色菜十分油腻，口味一般，最坑爹的是价格还贵，服务很慢，态度也不咋地，感觉跟我们那边路边小饭店差不多了都。
",1
和同学聚会去的这里，本来想是一个挺不错的地方，可没想到这家店却出乎我意料。饭菜不光难吃，量还特别少，我和我朋友们几个人吃都不够。还有这边的糖醋排骨肉都咬不动的，牛肉就更不用说了，真的是，跟服务员说还说就是这样的，醉了。,1
这里的环境非常优美，玻璃搭配上绿色植物，让人胃口打开。而且他们的东西也非常好吃，尤其是他们的糖醋排骨，醋放的刚刚好，那种味道真的让人难忘，下次一定要去吃。还有就是他们的甜点，尤其是那个冰激凌和面包的组合，面包烤的刚刚好，奶香味十足。,1
久斗升串串老火锅这家店位置略微偏僻。寻找的过程带着很大的期望，到了店面多少有点失落。自选的串串，价格一致偏高，也可视为为分量较少。令人印象很差的是蟹棒没有拆包装，差点毁了一锅沸汤。没吃饱就草草结束了。,1
不得不说汤品真的一流，北京菜实力排前五。店面装潢精致，古色古香，茶碗制备讲究，京味儿十足。唯独量少了一些，不过两个人吃幸福感也是超高。可以说非常满意的用餐体验。,1
对我而言，总的来说真的是一般，一方面味道偏重（我的口味是比较正常的那种），另一方面还说是健康的改良品，但是我没看到任何的改进，还是那种红红的油，让我感觉有一股在吃垃圾食品的感觉，还好店里挺干净的，服务也算还好。希望店家能够考虑一下我说的。,1
告诉你们，这是我毕生吃过最好吃的一顿饭，味道超级棒，菜看着就很有胃口，我都有点害怕自己以后因为被这里的美味养叼了胃，吃不下其他的饭。真是物美价廉。,1
菜品味道简直不能再差了，服务员态度很恶劣，厕所很脏，以后再也不去了！！！,1
中华鲟味道超级棒啊简直，朋友也都说特别好吃，其他菜品也得很棒，另外环境也很好，服务员态度很温和，以后还要来！,1
上次去重庆旅游的时候去的，口味特别正宗（至少比上海的正宗多了哈哈），吃的鸳鸯锅，感觉不错。觉着这里的香菜牛肉蛮好吃，5个人吃了4份哈哈。,1
雾霾天气本来让人心情很不好，走进这家的店的时候就更不爽了，整个店基调太暗，要不是朋友嚷着饿了我死也不会在这儿吃。身为南方人，我习惯的点了几道辣菜，菜单上的图片看上去鲜红的很不错，但是实物就是另一码事了。尖椒炒肉居然用的是甜椒，肉还跟没熟一样。唯一还能吃的是鹅卵石鸡蛋，但是量实际上非常少。服务员的态度也让人不敢恭维，点个餐就不断催促。总体很不满。,1
中信汤泉酒店的环境挺好的，很适合去放松吃饭的，但是在欣赏美景和吃饭的过程中，被服务员的态度惹恼就不是什么惬意的事情了，为了照顾个人的口味，仔细询问她关于想吃的菜的佐料时，服务员说话的语气显得特别不耐烦，态度一点都不友好，令我感到一丝丝的恼火。,1
这家店我来过几次了，每一次懒得煮饭的时候就领着全家来这里吃饭，这里有很多家常小菜，我孩子最喜欢吃的就是那个淮山青笋木耳和鱼香肉丝了，那个鱼肉十分新鲜，一点腥味也没有，现在吃的鱼很多都有泥腥味，但他们的鱼就没有，味道很鲜美，看着就很有食欲，还有淮山青笋木耳也是我们必点的一道菜，青笋酸甜正合适，木耳清洗得很干净，是很适合必上桌的一道素菜。,1
在这上面看着不错，就去了一次，很失望。环境一般，没有图片中那么好。饭菜偏贵，分量不足，重点是味道也一般，反应之后态度也不好。总之一次很差的体验。,1
吃了大城小厨，非常满意。口味很棒，推荐牛柳和炸酱面。环境不属于高大上，简约但不是内涵。菜上的挺快，服务也很满意。总体很棒。,1
暑假和家里人吃酒去的这里，整体环境还是挺不错的，停车场不挤。强烈推荐辣子鸡，真的非常非常好吃，对我这样爱吃辣的妹子来说真的是一大福音啊！不过美中不足的一点就是没吃饱，宴席都是这样，希望以后有机会还能去吃一次。,1
"这家店环境还不错，看上去很有格调。但是那个烤茄子奶酪真心不好吃还有土耳其甜茶喝起来感觉怪怪的，还不如自己去买奶茶来喝，可能是我不习惯这家店菜的风格。Emmm,香辣披萨一点都不香辣好嘛。建议吃不惯的朋友最好谨慎尝试。",1
啊啊啊啊啊简直不能再棒，杭椒牛肉和干锅香辣虾我觉得非常不错，让我想起了妈妈的味道~作为四川人我感到特别亲切，想我家楼下的小龙虾~真是小龙虾的死忠粉啊~决定下一次带女朋友们来这里尝一下!,1
伐开心，客家酿豆腐一点都不细腻，红烧桂花鱼刺也太多了，东坡肉并没有做到肥而不腻瘦而不柴。两根筷子长短不一，让服务员换半天也不送来。厕所男女标识不清楚害我走进女厕被骂变态，宝宝委屈，宝宝心里苦。qaq...,1
之前看到有人推荐这家串串，趁着来重庆旅游可以尝一尝。可来了后发现一切都不尽人意，味道简直不符合串串的要求；环境也有点嘈杂；还有就是菜量太少，三个人吃了260都没吃饱，最后就是服务员的态度也让人不爽。,1
餐厅位于西华公园旁边，环境很不错；总体给人一种眼前一亮的感觉。就口味来讲稍微有一点点瑕疵，和以前吃的正宗云贵菜差不多；环境毗邻公园当然是让人恨惬意啦，从服务和装饰可以看出餐厅老板还是很用心的哈。,1
服务态度真的很差，服务员超级凶，烤肉也不新鲜，咖啡真的是...一言难尽，环境还算比较好，但是真的是不推荐来吃，性价比太低了,1
环境挺好的，就是灯光有点暗。服务员很热情，服务态度超好的。鹅卵石鸡蛋和脆炒茄子都很好吃，而且还不贵~性价比超高的。,1
外面看起来装饰挺好的 环境设计的还不错 但是服务态度实在是太差了 想要倒水喝 问了几次服务员都不搭理 上菜也非常的慢 等了很长时间 菜品还可以 味道很一般 但是价格还是偏贵了 总体上让人的体验很一般 并不满意 后来要求加菜的时候服务员也是并不理会 非常生气,1
和朋友四个人一起去吃的午饭 体验非常的好 菜品很正宗 味道很爽口 上菜也算是挺快的 肚子饿的时候吃上这么棒的真的很愉快 服务态度非常好 需要服务的时候回应非常的快 服务员也很热情 总体感觉很好 环境也很不错 感觉吃饭时不会很嘈杂,1
可能是刚好到饭点过去的吧，人有点多，服务有点跟不上，希望店家下次能注意一下。,1
不知道为啥这家店的评论很差，偶然看见的店，我去的话感觉很好啊。肚子有点饿了，点了之后很快就上了，比较喜欢这个口味的。为牛柳打电话，真的比较喜欢。环境也还比较可以。希望能有朋友去试试哈哈哈,1
上次暑假去重庆玩、满怀期待的去吃重庆老串串火锅、味道没有我小时候记忆里那么好吃了、而且感觉分量是大打折扣啊、盘装菜都是白菜垫底、希望店家在菜的分量上有所改进、,1
我本来去的时候没抱太大的期待、没想到竟然会这么符合我的胃口、喜欢你们家的干锅香辣虾、水煮肉片和养生菌汤、希望店家要继续把菜品做得有滋有味儿哦、棒棒哒！,1
第一次吃中东菜啊，因为正在看的一本美食书上介绍了这家店，很好奇，就在路过的时候进去试试哈哈。个人认为餐厅环境一般，但是桌上的桌布，很有地域特色呢。由于是第一次吃中东菜，也没什么好比较的，觉得味道一般，可能是自己吃不惯吧。,1
今天和朋友聚餐，他们选的地儿，我以前也没来过。餐厅总体很不错吧，我最喜欢酥带鱼吧，感觉鱼肉很新鲜，很酥脆，吃起来口感很好。餐厅环境非常优美，一走进来就感觉心情好了不少，拍照发朋友圈的好去处。好评。,1
首先，菜的味道整体偏咸偏重，茄子烧油条就是这样，大力丸也有点咸。不过环境还可以，武侠主题，有点意思，喜欢武侠的可以试试。上菜速度一般，不过服务态度还行。总而言之，最重要的一点让我很不满意，一家餐厅，菜不好吃，其他的也就那样了吧。,1
色香味俱全，有一种吃的安心的感觉，尤其是果仁菠菜和木须肉，菜嫩肉酥。店家服务热情，让人很放得开，有一种在自己家吃饭的感觉，哈哈。地方不大，但整洁干净，就是有一种家常的感觉。总之，推荐给大家。,1
做客家菜确实不错，环境一流，人少，当时看到好多好评才去的，很满意，特别喜欢他家的酿豆腐，夹杂着肉香，入口即化，真是世间极品，后面还会来的,1
额，薯条完全被炸干了，没法吃了，口味很一般，很普通，环境也很一般，不是一个用餐的环境,1
来杭州玩，晚上在附近被门面吸引来到这家店。环境很棒，在喧嚣之中难得的一股清流，再配上清淡的当地菜品，很是惬意。下次来杭州还要光顾！,1
抱歉老师我认为一段时间内突然异常的评价如大量差评会对自己的账户甚至隐私造成不良影响所以我不是很情愿在没有亲身经历的情况下发表负面评价，望谅解！,1
这餐厅饭菜不仅品味种类多和很有土耳其特色，还有饭菜看起来很有艺术风格。餐厅环境优雅，干净，适合谈心。服务员们很温柔和耐心，老板也很友好和漂亮。餐厅比较大，适合多人聚会。能满足客人很多方面的需求。味道超好吃，量也真的超大。饭菜大部分是肉，但各种菜肉的味道又不同。值得你去尝一尝饭菜,1
饭菜的口味很好，但有时候有一点凉。餐厅环境干净，全玻璃的构造和绿意萦绕的设计，让人十分惬意。但餐厅在一亿个小院子里 ，安静，但不太明显，比较难找。价格不是很贵。服务员温柔，但动作比较慢。总体上给人舒服的感觉 ，但餐厅需要扩大范围和饭菜种类。,1
首次来这家店，店员热情，都叫小二。环境确实如其名，浓浓的武侠风，喜欢武侠的朋友可以来试试。但是菜的口味偏油腻，比较咸，不太满意。,1
上菜速度快，菜的口味适宜，要的包厢，服务周到，和朋友一起来吃的很开心。餐厅位置好找，就在西福路上，满意。,1
和同学去聚会，但是好像他们并没有很满意。总体就是环境还好，吃的一般，大家都推荐的酿豆腐真的一般般啊.......分量也少，服务一般，适合需要个人空间的小情侣吧。,1
第二次去了，算是个网红北京菜吧。上菜依然很快，酥皮大明虾呀炸酱面和桂花山药都很好吃呢。大厅的鹦鹉和八哥无敌可爱了哈哈哈哈哈哈哈哈哈,1
晚上去的 感觉环境一般 教练挺不错的 小孩子去蛮好,0
还不错的体验 价格略贵 环境优美！,0
环境很好呀 在一排店的后面 要找一下 ～片源很多 沙发也很舒服～,0
很好找 服务很好～每一步都帮你做 还会帮你做小花什么的 翻糖的颜色也很多 自己做的蛋糕很香,0
很不错。生日的时候喊上好友一起来。做得十分逼真。玩得十分尽兴,0
我和家里人一起去看了银河护卫队。特别棒。设施也不错。,0
开在家里附近，是在一个商场里，设备环境都挺新的，虽然人不是很多，但总体服务都挺好的，音效也还不错。,0
地段不错，在人广，交通方便但设备环境不怎么好，话筒还是有线的，歌曲也不是很全，不过是团购去的，朋友去唱唱歌，这个价格也挺好的,0
音响效果不错，曲库也很全，室友过生日一起去的，服务很好，很开心。,0
价格合理，环境还不错，服务挺好，音响设备还可以。,0
影城环境很好 就是感觉有点远 视效也不错 影院里收拾得很干净 空间挺大的 看3D效果的感觉很舒适 洗手间也很干净配备设施很齐全 对于想省钱的学生党不错的选择 毕竟要比地中海便宜哈,0
音效还算可以 曲库感觉很不全有好多歌去好多次曲库都没怎么更新 房间里有一点味道不太好闻 不过服务很好 灯光也挺好的 关键是对学生来说是个放松的好地方 很便宜实惠 所以也去了好多次了感觉很划得来 推荐去 距离松江这几个学校也挺近,0
看的功夫熊猫，人超多就坐了第一排，但是影院环境什么的都很好哦,0
很不错哦，太平洋一直价格也不高，影院出来旁边还有电玩城。,0
设计很好难度也适中！不会无聊也不会玩不下去！,0
环境非常好，是在高级商场里，非常安静干净，各种设施都非常完善，服务也很好，很舒服，冰淇淋特别好吃，总之在这里看电影真的很满意！,0
经常去地中海影城看电影，感觉环境不错，各种设施都很好，看电影很舒服，感觉3D有点问题，看得很累，不过还可以接受啦，总体上说还是挺好的。以后还会经常去的。,0
服务员特别热情，游戏设施感应还可以，就是闻气味那里花了好久才闻出来。,0
生日那天去的！价格不错、唱了三个小时，环境很好,0
音响效果不错，更新蛮快的，很便宜哦～,0
总体来说还是不错的，团购很实惠，就在电影院对面看完电影来唱歌很方便,0
这家店的装修棒棒哒，地段也不错，很好找，用了美团券还挺划算的,0
很棒的视听效果，环境也比较好，票价也比较合理啦啦啦,0
感谢大众点评让我抽到花爷手作工坊的霸王餐，不得不说，太赞了！首先店面挺好找的，店主人超级好！艺术型男生棒棒哒！在店里待了一下午，给了一块泥，大概可以做三到四个成品，老师会教你怎么找重心，塑形，拉胚，还可以帮你做嗷！最后我加了一百多把做成的三个都烧制了，二十天不到去拿！很期待上釉之后的作品哈～除了陶艺，这家店还可以画海娜画，绘画等，感觉自己还会去，超级棒的一次体验！,0
离学校最近的一家台球店，服务好摆球专业且生意好！经常和男票以及同学过来玩，等位的时候还可以下下五子棋象棋啥的，好像还贴心配备拖鞋充电宝呢，旁边是云乐迪影院，休闲娱乐一条龙，棒！,0
挺费脑子的！挺考智商的！需要大家一起努力！这次玩的深谷，第二间密室比较难！真的难！,0
ktv是主题包房的，装修比较好看，曲库也比较全~服务也还不错，就在地铁站附近，但感觉设施稍微有点旧啦,0
环境和音效还是不错的，但是点歌系统比较老了，歌也稍微有点少。,0
最经常点的果汁店，石榴汁最好喝，一大杯喝起来超级爽,0
在虹泉路韩国街，这家巴黎贝甜店面很大，品种很多，草莓蛋糕很好吃，奶油不腻,0
价格优惠，不过上次要的中包，一进去就把送的东西送进来了，这次要的大包还是我们去问的，歌还算多，就是音效一般，偶尔可以去打发打发时间。,0
环境很好，跟女朋友来的，第一次来觉得布局装潢非常惊艳，影厅环境也很舒服很干净，观影体验很棒！,0
首先配套设施很好，地下停车免费提供6小时，地暖也铺满，走在路上很舒服。室外露天浴池也很有情调，电影放映室的电影也是新电影，休息区域也很大，总体来说体验很棒,0
非工作日去的 团购里面包含浴资和搓澡的费用 还算比平时便宜。,0
小包真的很小，到了现场换了中包。服务员态度不错，水果拼盘不错，歌不是很全。,0
去的时候天气很冷，人很少，有些设备不开，但是还是很开心！,0
很喜欢这种剧院的感觉，虽然和其他影院相比上厕所不方便。不过我还是喜欢这种分开的设计,0
很好吃，老板也很热情。还意外收获了很喜欢的零食店地址,0
环境很好，在商场里面吃饭什么的都很方便，视听也都不错。,0
离家里挺近的，经常去看，而且便宜，是小厅的，挺好，不喜欢很多人一起看。,0
主题是八日言，声光要素是亮点，但实际操作下装置精度需要调整。前一批的对讲机落在房间内导致这一批的对讲收发不灵，浪费了不少时间，比较影响体验的失误。前台帮忙沟通组建的拼团，总体氛围愉快。外面桌游是不太更新了（笑）,0
凭学生证的优惠价格会比较实惠的,0
已经第二次和朋友来了，比第一次画进步不少，时间山掌控的更好，画的也有长进了，老板很nice 细心指导,0
这家外观还可以，服务也不错，环境也好，下次还会来,0
过生日来糖果群主，去之前就看到有人评价说有点卡，确实有点卡，还有些歌搜不到，都是其他地方能搜到,0
满意！很喜欢，下次还到这里。理发师小帅理发仔细，很正，很注重细节。,0
看的imax 巨幕真的很爽 感觉整个影院还是很正规大气的那种,0
演出自然还是给力的！缺点是感觉剧院有点旧了 那个电梯真的好小。。厕所也是蛮远的 但是总而言之还是很棒的啦！！,0
这家店一般都会有座位，态度也很好。合生汇的生意越来越好，之后人可能也会更多。品种那么多，专一的人总是每次点同一种。,0
每次晚上去都会要经典巧克力，味道一直很好。点单的店员态度满分。只是这家店的空间不是很大，常常满座。总之在五角场这边最方便的一家啦，服务不错。,0
电影院环境挺好~,0
喜欢店里的萌猫和狗狗～好可爱呀！可惜同学有怕小动物的～不过大家玩的都挺开心的,0
环境非常棒 静静地看书喝咖啡消磨一下时间非常惬意,0
非常不错的体验玩的很开心 店里还养了好几只龙猫很可爱,0
和朋友一起来的，6号和11号按摩师手法不错，人也很nice，永恒spa环境不错。按摩完整个人都全身舒畅啦！,0
纽约芝士蛋糕真的很好吃！星巴克卫生很好，点餐又快，咖啡现磨，赞赞赞！不过热量好高，吃多了会胖哒，呜呜呜～,0
总体尚可 曲库较全 话筒音质还可以 但是隔音真的不敢恭维😱 希望服务员能更热情一点儿～,0
密室设计很烧脑~墙上的女人画像很漂亮,0
很久就听说佘山国家森林公园了，现在在上海上大学，今年国庆节第一次来佘山，觉得相当不错。爬山是一项考验人体能的运动，同时也考验一个人的毅力。虽然挺累的，但是也同样得到了放松。喜欢上面的西方建筑风格，静谧而深远。,0
自然风景美如画，人文气息醇似酒。漫步期间，感受大自然的静谧，全身心的放松，所有烦恼都烟消云散。古典园林，古木参天，鸟语花香，亭台楼阁，琴音袅袅，给人一种舒缓至极的享受。这是想远离俗世喧嚣的人们的静心归处！,0
当然无论是服务和菜品都是极赞的，靠窗的位置看外景也是不错的，只不过两个大男人enjoy上的菜单根本不够吃，所以只能另外点了份牛排，PS：这杯鸡尾酒恕我接受无能,0
挺好的，跟小伙伴们一起去的，感觉就我最丑,0
超级赞嗒！房间设计和机关都超神奇！下次再来哦,0
环境还可以，服务提供上帝很好，汪酱和喵酱很萌！,0
环境很棒很安静，甜品味道也不错,0
大家一起去桌游吧玩了狼人杀很开心,0
看了最近大热的电影，电影院效果很好,0
环境好，服务也超棒，狼人杀有免费的帅哥美女给我们当上帝,0
玫瑰海盐芝士有点腻，建议吃草莓拿破仑,0
水果茶还不错，意面等的时间太长了。,0
真的是少女心爆棚啊 一个一个萌到不行 圣诞款更是好看到cry 都舍不得吃啦,0
味道不错哟 店里也蛮温暖的 喝了紫薯拿铁 暖暖的,0
观影环境特别好，而且看的3D效果！上映第一天就去看了，期待了好久呢。果然多花钱就能看到效果！值了,0
小猫咪太可爱了，环境也特别好，舒服，每次写作业累了还可以逗逗猫，最爱丸子殿下 好吃好吃！,0
本来去是想抓娃娃的，可是发现并没有抓娃娃机，而且很多设备都是没有开的,0
电影真的很好看呢，万达这边影院效果也非常好,0
蛋糕很棒，味道很喜欢，甜度正好,0
环境很棒，11号技师手法很棒，很舒服，下次还会再来～,0
和室友一起去的，之前还没有怎么在ktv唱过去歌呢，感觉好开心，一个小时过得特别快,0
"早就想看剧场版了,这一部剧情不错，电影院环境挺好的",0
气氛很棒，有复古的感觉。摆球的小姑娘也很漂亮！在这打球是一种享受！,0
因为文汇路修电车而断电的下午，走进了这家咖啡店，环境静谧，气氛温馨，空气里弥漫着咖啡豆的醇香。和小伙伴点了一杯摩卡和一杯榛果拿铁坐在窗边。摩卡上的奶油清爽入口即化，嗯，咖啡正宗香醇，好想时光停在此刻，不用考精读考试哦。,0
环境，配置，网速都很赞。绝对好评。服务也很好的！,0
还行，汪酱，喵酱都很可爱！ 所以同学里有怕猫的。。。,0
便宜实惠，话筒音质音响有待提高,0
韩范，舒适，适合与朋友家人一起,0
密室布置很精致，下次带大学同学一起来玩！,0
带同学玩得很开心，场内设备保养得也不错,0
东西好喝，环境也很好，布局很温馨。,0
抹茶红豆华夫饼好好吃，环境也很好。,0
气氛挺不错的 下次还会来,0
电影很好看，一直来这家电影院,0
音质还不错，体验挺好的，玩的很开心！,0
服务很到位，做的颜色符合我的预期,0
环境很好，声音效果很好！大家唱的很开心,0
这里是对喜欢猫猫的人简直就是天堂，咖啡馆氛围非常温馨，女主人非常细心，服务周到，这次点的焦糖玛奇朵味道也是一级棒，强烈推荐！！！,0
服务挺周到，虽然只买了颈肩按摩，老板还免费附赠了拔罐！店里生意很好，就是位置比较找。要去的话一定要事先预约好呦！,0
环境超好的！！！而且刚好去的时候是全场半价，物超所值！！！,0
总体感觉还可以，但位置太偏了，从五角场中心大概要走半个小时，环境一般般吧。,0
里面的猫和狗都很萌,0
猫和咖啡一样可爱，萌萌哒,0
抓布娃娃都是骗人的，抓冰淇淋也是骗人的,0
设备有些旧，但是环境不错，服务很好，下次还回去，希望能早点更新设备，啦啦啦啦,0
开在这边真的方便了很多～早饭可以在星爸爸吃了，芝士蛋糕加馥芮白好搭档,0
讲道理的话万达的爆米花是松江几个电影院里最好吃的,0
视听效果挺好的。而且离我们学校比较近。周围吃的东西也很多。总体上还是不错的。,0
鸡蛋仔很很好吃，但是咖啡是真的苦::>_<::。但也有人喜欢的吧。看个人喜好吧。价格真心有点高。,0
环境不错，管家挺好，不用担心扰民,0
总体来说还是不错的╮(╯▽╰)╭,0
还可以，下午和一群同学一起去的，老板挺热情的，负责给我们当上帝，只不过后来因为时间原因，不得不回去了，有机会会再去的。,0
下午看了一场神奇动物在哪里，感觉超棒，虽然时间有点长，但是依旧吸引人，下次有机会还会去的。,0
通关了，挺好玩的，机关都很高级的哈哈哈,0
喜欢蓝色柠檬汽水，据韩国欧巴说这个喝了对身体好！,0
老板娘超热情 店里还有一个小猫 写作业的不二之选,0
最喜欢奥利奥冰 每次必点 还有好多小可爱 很心水的店 老板也热情 很喜欢,0
有意思😄超好玩。戴了手环可以进出一整天～两点进去最后八点才出门的。好多项目都玩了两次，推荐,0
环境超棒，按摩师也超有意思！手法什么的我感受不来反正我就一直在嗷嗷叫哈哈哈但是回家之后感觉是很舒服的～睡了一个饱饱的觉～,0
喜欢迪士尼呀，喜欢最后的烟花秀。,0
展品挺少的，但是k11环境好哈哈,0
第二次来了，项目都很高科技我都玩了好多次非常好玩！可以在里面玩一天都没问题！工作人员也都非常亲切～,0
环境不错 服务也挺好的～ 酒也还可以,0
是朋友介绍过去的，就在大学城地铁站旁边，非常近，里面各种条件设施也是非常日式的，洗完去楼上可以休息也可以打牌，很方便。,0
这家店离大学城很近的，在路旁边楼后面的一个小路边，按摩很棒，已经去过很多次了，价格也非常便宜！！！十五号技师很棒，手法很熟练，聊天也很开心~,0
环境挺好，桌游种类齐全，老板服务态度不错,0
才去的时候设备挺新的，白天人比较少，傍晚之后人比较多，教练人挺好，氛围不错,0
作为一个老牌电影城，马里已经很不错了，和大牌影城没法比但是想要舒适地看一场电影这个环境还是可以的，楼下就是商城，看完电影去周围逛逛吃个饭什么的非常方便,0
虽然自然景观有很多，但是东湖真的给人不一样的感受，景色好是其一，处处都是拍照背景板啊，去的话一定要坐乌篷船啊，流连于山水之间会觉得很舒服，会有鱼儿在船下自由地穿梭，并且进入湖中会发现别有洞天，是一个休闲娱乐，放松心情的好场所。,0
之前听说hana咖啡是咱们学校学姐开的，就想着过来照顾学姐生意。hana是日语里面花的意思，咖啡店里有美丽的植物，有几只猫咪，好像咖啡馆都少不了猫咪~推荐她家的华夫饼，很好次，价格也不贵，咖啡的话摩卡我比较喜欢！,0
因为开在我们学校旁边，还蛮经常去的，老板人很好去的人多了还可以送饮料，这里什么牌都有，道具也很齐全，我们最爱玩uno和狼人，玩狼人时还有专用的杆子用来点人，玩三国杀的英雄和附加牌也都很齐全，而且他家还有一条可爱的狗狗~,0
里面的东西很全，吃的也不错（就是有点小贵），和同学在那里畅聊一天很开心～,0
去的时候都没什么人，简直太爽啦，很多项目玩了好多次，工作日去果然值得！,0
黑眼豆豆，超喜欢这个杯子，太有格调了。,0
很好，服务很周到，技术也很好^_^,0
巧克力味道很浓，非常好喝，暖暖的冬日，舒服哦～,0
新开的店，装修非常不错，边上很多吃的，适合和同学来聚会！,0
做完指甲做睫毛~出去玩不用化眼妆了真是太棒了,0
团的软陶 很实惠，店员也超nice~做了好久好难不过结果还是好看的！,0
这家店的服务周到，环境也很好，各方面都不错！只是价格贵了些！总体来说还是不错的！,0
这个影院还是相当不错的！环境，视效都很棒！！,0
"环境还可以吧 提供免费""上帝"" 玩的还是蛮开心的",0
奶茶很好喝 环境也很好有很多可爱的小猫,0
乘周末出来看的电影，李安的120桢确实让人震撼，值得一看。影院工作人员服务态度也很好噢～,0
影城环境布置很有感觉，放映厅里的视听效果也很好，整个场地清洁工作做得不错，给人舒适的感觉。,0
超美的苏州园林 去的那天在下雨 但也不是很闷（夏天去的）虽然下雨但是景致依旧很美（人也算蛮多的hhh）之前没怎么到过苏州 参观一下这种有名的景点还是十分有必要的 夏天在里面听雨很惬意 亭台楼阁也有别样美,0
总体都是蛮好的 imax厅也好 4k厅或者普通厅都蛮好的 视觉效果很棒 亮灯之后没有赶人现象hhh要是能调整一下进场时间就好了,0
挺不错的～～环境也很好～～下次还要来～～,0
(>﹏<) 这家咖啡店还不错～～,0
不知道是不是因为是团购，被分到一个很差劲的房间（或者上海歌城的整体水平就如此？），沙发椅子破了洞，站着唱的那个麦不灵，然后一股子烟味儿..音效一般，歌曲也不够新.......总体来说，不是一次令人愉快的消费..,0
很好，就是里面吃的东西有点贵＠(￣-￣)＠,0
很喜欢万达影城的座位，很舒服，这个卖品套餐兑换卷也很实惠，最喜欢来万达看电影啦！,0
环境真的特别好，挺干净的也很安静，教练很有耐心，会慢慢指导，练完瑜伽特别舒服很喜欢呢！,0
感觉挺棒的，观影感觉很不错，吃的东西也挺好，而且地中海影院周边也蛮多好玩的。,0
松江几个电影院里最喜欢万达,0
很满意，实惠的网购，最爱的明星，温馨舒适的观影环境,0
电影完美，最爱好莱坞，电影院也不错哦,0
来上海去的第一家咖啡店😂，整体还是不错的，其实是作为一个喜欢韩范的girl慕名而来😏，因为这家咖啡店的代言人是大家的知道的韩星啦，哈哈哈哈哈哈！不过言归正传，这家咖啡店的氛围还是很好的，价格也在合理之中，服务周全，买单结束后会给你发一个小型的提醒可以拿东西的机器，而且在等待的过程中上面还会放视频，比如说韩国团体的mv啦、电影预告啦等等，还是挺照顾顾客的感受的。由于是在韩国街上，里面也有很多的韩国人，经常听见韩国话，而且店员也是可以说韩语的，这点让我感到很惊讶🐱！我去的时候点的是奥利奥鸡蛋仔和美式咖啡，是有活动优惠的所以便宜了很多，其实比起咖啡☕️我更加喜欢的是那个鸡蛋仔，非常符合我的口味，真的是敲好次，比我在其他店吃的要好吃很多，看得出是现烤的，很脆，而且有那种鸡蛋奶香味，加上奶泡简直是绝配（就我个人口味而言吧），美式咖啡呢，不必多说，苦是肯定的😂，这也说明了咖啡是正宗的吧！不过我自己还是不太喜欢喝美式咖啡吧！店里还有雪冰，下次有机会的时候一定要吃一次、看起来就感觉很好吃，量很大！不过，我们在吃的时候有人正在店里装修，声音真的很大，有点打扰到我们，还是希望下次能够在有顾客的时候不要进行其他有嘈杂声音的活动吧！,0
来上海看了两次电影，都在这个电影院。第一次是一个人来看《从你的全世界路过》，另一次就是和同学一起去看《湄公河行动》；其实，最开始选择去这家电影院是因为以为这个是在万达商场里面的（以为与万达有联系，有过好像并没有😓），结果去了发现是我想多了😂，不过电影院的旁边就有一个大型超市，如果饿了可以买东西，还是很方便的；那我现在就来说说我对这个电影院的第一印象吧：可能是因为刚开始我对于它的期望太高😂，所以当我第一次看到的时候是有一点点的失望吧，因为比我想象中的要小很多，而且它所处的位置不太显眼，所以我也找了很久；但是电影院的氛围还是不错的，上次去的时候还有活动，花了一元钱就喝到了冰沙；并且每个厅的位置也是很容易找到的，我看电影时的两个影厅大小适中，不小也不大，还是不错的，不过不知道影厅的3D效果肿么样，因为两次都没有看3D电影。总的来说吧，我觉得这家电影院的环境比起其他有些电影院还是要稍微差一点，其他的还好，毕竟价格比起其他的影院要稍微低一点，所以也在情理之中吧，不过还是希望可以稍微把周围环境弄的更好一些吧！（尤其是进门时的那个楼梯，感觉让电影院的档次降了很多，使给人的第一印象不是很好）,0
挺好的，给我卷头发的小哥很耐心！,0
摩天轮超级好玩！然后其他地方可能不够刺激吧~,0
影院非常小，效果不怎么样，但是票价低啊哈哈哈哈！,0
地方对第一次去的人可能有点难找，但是票价挺合理的～爆米花还没吃，但是有我们七哥开的果汁店！,0
交通方便，视觉效果好，环境好，服务态度好。,0
聚会去过很多次了，交通方便，环境也很好，主题包房很好看，服务态度还行。,0
各种生活用品和小饰品。价格比较实惠，做工都不错。化妆品就有些不太好了。,0
离学校最近的一家电影院。在商业广场的四楼，可以吃完好吃的之后去～排片很多，新电影基本都有，并且有好几个放映厅。自动取票机很方便，环境也很干净。,0
去年11月妈妈来上海开会的时候和妈妈一起来的。怀念。逛累了吃完饭过来看电影感觉挺不错。整体效果也挺帮。nice~,0
去年万圣节的时候和部里小伙伴一起去的，玩的夜场，当时感觉挺冷的，但是去了好多个鬼屋，哈哈哈，第一次第二次第三次第四次进鬼屋都留在这儿了，哈哈哈。棒！还有过山车，挺过瘾。,0
师傅按摩手法很好很专业，按完后全身舒服了不少。,0
感觉环境还不错，观影也挺愉快的,0
这家酒店环境非常好，房间很新，房间里面很干净，设施也很齐全。布置得像自己家一样。门用的是电子密码锁，方便又安全。楼下就是万达广场，吃饭购物都很方便，晚上也很热闹。前台服务人员态度特别好。很喜欢，下次还会光顾的,0
很好吃的一家港式茶餐厅 值得一尝,0
讲道理隔音不好环境也是上世纪的画风old fashion==,0
超级便宜！曲库什么的我想唱的小魔仙都有很开心~,0
地方虽然比较偏，但是价格很实惠。环境也不错。就是有的歌伴唱和原唱会弄混。跟好朋友的话可以去这里。,0
环境很舒服。东西不算便宜但是味道很好。服务很周到。上菜有点慢的，但是对于休闲来说就不重要啦。,0
猫咪很可爱，环境也很不错，只是阁楼有点闷，草莓拿破仑无功无过啦，窝一下午还是很舒服惬意的。,0
电影本身还是不错的，万达的环境也不错。,0
和同学一起去的，店员人超好，伴着轻音乐看看书，聊聊天，棒棒哒，对了还有一只大肥猫，哈哈哈哈哈哈哈哈,0
和同学一起去的，感觉棒棒哒，一楼是购物市场，二楼是影院，棒呆啊,0
正好朋友过生日来这里疯玩了一天，第一次到这种室内游乐园真的不能更赞。入门直接给人带来一种科技感和现代感，而且就算是周末也不需要排队等太久。值得推荐的是狂野系列（空》海》陆），360度旋转的变形金刚还有头文字D，还有其他项目也特别有意思。,0
如果魔方自认第二，没有别人敢认第一～暗杀已通关，设计良心，剧情连贯，设计精巧，画风唯美，五星好评,0
万达四楼，一上去就是爆米花香味，摆放的漫威模型超级好看！环境很棒，以后还会来！,0
环境很好，附近好吃的也很多，片源也很多，以后还会来！,0
暑假和同学在苏州玩的时候去的，热天午后，几天逛下来太无聊了，就找了个靠近餐饮区和酒店的网咖，在一个巷子拐角的楼上，当时不只是装修还是什么，外面过道很脏，里面就好多了。单机4A游戏比较少，所以我还是很无聊。,0
硬件还是可以满足基本观影需求的，上映的影片还是挺新的，基本国内有映的热片都有，但是一些口碑好的偏艺术电影的排片不多，这也可以理解,0
这家店环境很好，曲库也挺全的，服务态度很好。,0
同学聚会，唱歌一直在这里，很实惠！,0
歌曲还挺全的，然后ktv自带的评分模式也是增添了不少欢乐哈哈哈。音效还可以！主要是很便宜hhh,0
今天玩了恐怖医院和j监狱，恐怖医院感觉里面的工作人员都好辛苦！监狱J好难！下次再来继续通关哈哈哈哈哈哈哈哈哈哈哈哈哦对了还有迷宫,0
跟很多同学一起去的，装修非常豪华，挺有档次的感觉，但很贵啊！！不过音效环境之类的都还不错,0
音效不错，环境一般，整个店家的装修还是不错哒，可以小小的推荐一下,0
态度不错，芒果沙冰很好，WiFi也有，不错不错,0
"芋圆很好吃的！喝到撑哎hhh,半塘应该会更好一点。",0
有点老旧的感觉，音效不如音乐派歌德门，还行吧!,0
环境挺好的，歌也全，适合很多人一起来玩~,0
泡汤真的挺好的，很舒服！还有各种设施项目，特别齐全！适合很多人一起来玩~,0
恋爱的犀牛二刷太棒了太棒了 舞台灯光音效都超级好！而且会有专门的工作人员管理迟到观众防止他们影响到演出 很专业！剧场比较小 坐在各个位置观赏角度都不错！,0
经常去～音响效果还不错 歌单很新很全 但是食品较贵酒的质量也不太好,0
五一的时候去的，人超级多，一天排队就玩了两个项目。。体验比较一般，不会再去了。,0
第一次去，感觉炒鸡赞。本来是跟男票两个人进去，结果进了一个房间叫我把钱包拿出去，然后又来了三个人一起进的，最后边跑边被拖完全程，出来就开始哭😂太好玩了但是大概不会再去了😂因为太可怕，而且购买的驱魔令其实并没有什么卵用,0
环境很好，大爱拿铁，冬天喝咖啡超级暖！,0
有些器械没有，有几台跑步机也是坏的，但是对我来说也算足够了。动感单车很有意思，每次出来都大汗淋漓！,0
环境很不错，氛围也很好，最喜欢喝香草星冰乐233就是wifi只能连一台设备有点不太方便,0
环境很舒适，很适合学习。咖啡味道也不错，挺喜欢的一家店～,0
音响一般...不过好便宜的 主要是不用预约！总的来说还不错～,0
总体上 地中海影城是离学生公寓最近的了 位置方便 环境也不错,0
带我的那个教练哥哥人超级好，以后我要是办年卡绝对找他,0
虽然最喜欢火影了，但感觉还是被虐了，闯到了倒数第二关！到后期开始越来越难了！以后还会玩魔方的其他！,0
和闺蜜一起去的，一起窝在柔软的沙发上看电影，心情很愉快，环境非常舒适，观影体验很好。诚意推荐，是周末放松的好去处，休闲娱乐的好地方。,0
氛围很好，很适合喜欢安静的筒子，可以窝在这里看书学习，可以待很久，用团购非常实惠,0
昨天去消费了，老板娘推荐的热带水果茶味道不错～环境也很温馨，有家的感觉～小哥态度超级好,0
螺狮粉好次！图片未经处理～真的赚到了,0
效果很棒，3D看得很爽很刺激，影院乌梅汁好评,0
第一次来这里理发，感觉挺不错的，价格也不贵,0
超好吃的，抹茶的好吃，乌龙茶的也好好吃,0
葡萄是用酒泡过的，味道超级浓！好好吃！奶油味淡淡的也不腻～,0
馆藏还是比较丰富的，环境也不错。,0
环境非常好，整个设备和服务也都令人满意，经常来。,0
面积很大，衣服毛巾什么的也比较干净，离地铁站也很近，旁边就有很多餐厅，总之很方便，适合在呆一天打发时间～,0
等电影的时候来楼下喝杯星爸爸，三楼的新店比一楼人少很多，也不会吹到外面的冷风。红色的圣诞杯配上红石榴抹茶拿铁真实太太太可爱了～,0
不算贵，东西也好吃，音质也不错，服务态度很好，曲库对于我来说算是齐全的，哈哈，我想唱的都找到了，玩得很开心,0
挺喜欢的一个酒吧，外场安静，内场嗨，消费也不算贵，适合几个人一起聚来嗨，也适合一两个人安安静静地聊天,0
环境很不错，服务周到，养生粥好喝,0
场馆比较大，提供攀岩鞋和储物柜，还是很方便大。攀岩路线有难有易，第一次也上手很快。而且去的时候是工作日，人很少，来来回回好几次直到玩到没力气哈哈。还遇到一个很专业的姐姐，热心地指导。从下午一两点去玩到了下午五点多～一直玩到没有力气再爬😂😂,0
诺伊老师给我染的头发，服务很好，有水有零食，褪色膏弄到头皮上还会提醒我。想染墨绿色的头发，但又不想漂，就用了褪色膏，效果虽然没有漂白粉那么明显，但总的来说染的很满意。以后还会来,0
冲着小说来的，很多人觉得杨颖和井柏然没有青春校园的气质，然而我觉得电影版的效果特别精致,0
地中海四楼，肯德基方向直接上楼。蛮近的，大学城可选择影院也不多，就 声音有时候太大了。,0
没想到1984还能排成话剧！在小剧场看的～,0
8月28日看的恋爱的犀牛～演出超级棒！环境也挺好！,0
环境很不错，而且价格超级便宜啊,0
口味还成吧，就是我们三个女生一共点了269的菜吃撑了。。不要一兴奋就点太多啊 ，可以多点一些蔬菜什么的,0
旅游一身疲惫和同事去按的 很大力很爽,0
公司附近图方便 在居民楼里 师傅按的很好 按按就知道哪里有问题 拔罐完肩膀疼了几天 毒拔出来就好 按完几天竟然睡觉都很好睡 对失眠也有效了哈哈,0
保利国际影城很不错，和朋友一起来看的电影，觉得环境特别好，推荐！,0
很不错，在里面逗逗猫，看看书，生活很惬意～,0
学校附近的网吧 将就着吧 就是没人抽烟最好不过了,0
很喜欢这样的环境 以后再跟同学一起来 蛮清幽的😌😌,0
环境挺好的，整洁，简约，很多用心的小细节，下次还会再来，,0
去过一次，地方挺大，总体来说还可以。,0
甜品很有特点，很喜欢，外卖小哥态度也挺好,0
电影挺不错的，环境不错，就是有点小,0
还好，蛮便宜的，和朋友经常去玩,0
挺好喝的，价格也合适喜欢喜欢喜欢！,0
音效不敢恭维，不能把声音完全放出来，音质一般。没有其他地方的好，价格还有点贵。,0
私人影院就是棒！！哈哈哈哈哈哈哈哈哈哈哈哈,0
可以可以 我最喜欢唱歌了 下次还去唱歌（＾Ｏ＾☆♪,0
很棒，服务很周到，感觉也超级棒，下次还要点这家！,0
可以手工制作自己想要的，不像一般的蛋糕，既好吃，又有纪念意义，制作的过程很重要！,0
动感十足，感觉超级超级棒，下次一定要推荐朋友去,0
奶茶很好喝，特别的赞，很好的！,0
这家店是老店，的确是一个不错的选择,0
交通便利 设施良好 服务态度不错 下次的话再点这家店 是居家旅行的不二之选,0
环境非常好 服务态度不错 下次的话肯定会定只一个宾馆的 不用谢我了,0
装饰不错，房间够多，总体很好很好好好好好好,0
那里环境很好，交通便利，还有我喜欢吃的小零食，吃货小朋友又想看电影可常去哦！,0
服务很好，但网咖里面比较闷，机器挺快的。,0
第一次来感觉非常不错，两位技师188和186都非常热情！也按的非常棒谢谢啦,0
阿姨人挺好的，卫生特棒 ，干净，地方也很安静，不吵，热水温度好,0
服务态度特好 赞赞赞  环境好😂爆米花好吃 下次还会来的,0
情侣座都人性化的。就是座位有点小。电影挺好。,0
设置挺全的。也挺好的。就是床太软了。睡的不习惯。但靠的近。挺方便的。,0
对电影院的环境感到舒适，很有情调适合情人约会。服务也挺好的。T,0
消费和环境我都特别满意，对此表示满意的。,0
对本次造型感到非常有惊喜，希望有更多人去尝试，第一天染色第二天亮瞎眼。,0
和朋友一起去的，感觉还不错，新歌也都更新过来了，主要是音效不错，环境也非常好，挺喜欢这里的，值得推荐，,0
休息日和朋友一起去的，感觉还不错，运气特别好，去的时候刚好赶上了白鲸表演，后来又一不小心看到了美人鱼表演，但是。。。那美人鱼的表演。。。此处省略一些字。总体来说还不错吧，一进门就看到小企鹅，炒鸡可爱的，最喜欢的还是小水母，炒鸡好看的，海洋馆的鱼种类挺多的，但是没有看见海豚，可惜了,0
离学校很近，环境也还好吧，视听效果差强人意吧😄,0
实力推荐蜂蜜柚子茶，超级好喝，价格也很实惠哦(´-ω-`),0
环境很不错，服务也很好，关键是离家近😁,0
不错，环境很好，电影也很好看，又不贵，值了。。。,0
很大，东西种类很多，对于喜欢逛街的人可以逛一天。。。饭也很好吃，不错！买的围巾很好看！,0
还不错，，环境非常好，下次还会入住的，。。。。，是我喜欢的风格，很喜欢,0
总体来说很不错，效果很好，和闺蜜一起看很有感觉额，有男朋友的可以带着，很有情调的,0
奶茶很好喝，值得一去，服务也不错，休息的好地方,0
二楼网速太差，包间挺不错的，要是没人抽烟就更好了,0
这是一家刚刚开业的经济型酒店。。。。。,0
来参加学习住了两天，环境不错，房间也非常干净，在中学门口，下渡路地铁站就在附近，而且吃饭都很方便，唯一不足就是没有停车场,0
超级差！晚上屋子里全是蛾子！几十只！整个屋顶都是！还有蟑螂会爬到腿上！房间的窗户没有纱窗！要不闷死要不被虫子骚扰到死！旅馆的位置离正街也超级远要走十几分钟！而且老板娘超级泼！订了三晚住一晚就住不下去了！想退房老板娘还耍赖一直骂要多收钱！顺便给另一家好心旅馆打个广告！同样的价钱简直就是天堂！离这家店不远大家找找！,0
旅行第一天住的地方，很满意，出门马路对面就是黄河，走几分钟就是索道口，楼下附近还有一家很大的牛肉面馆~房间也挺好~晚上出门看夜景也很漂亮，让我对这个城市的产生了很好的印象。,0
距离大学不是很近，但也不远，地铁站也不进不远。门口是大马路。环境条件一般……有的房间特别小……寸土寸金的地方大概都这样了吧。,0
地方还算好找吧 不过也找了一会 环境不怎么好 灯光让人觉得不舒服 希望能改进  另外 之前也在别家做过类似的按摩推拿 效果很好的  可是这次体验并不如他家,1
雪景很棒……但是人太多  体验很不好 收费也较贵 雪具也不够新 给人一种不安全的感觉 另外缆车很慢 也不够稳 并且服务人员不够多 态度也不够好 让我们这种对经典不熟悉的人不能玩尽兴,1
"是一家非常好的度假酒店，房间大，而且很干净，酒店里的游泳池很赞,度假酒店有温泉有沙滩，是放松心情的理想场所，订的海景房很舒服，服务也特别棒",1
定之前先搜了下这家的评论，感觉蛮不错的就定了，来了果然没有失望。前台服务态度很好，打电话问了一堆问题都耐心的解答了。房间打扫的挺干净的，空间也比较宽敞，我和朋友住的挺舒服～,1
是度假酒店，环境好，有温泉有沙滩，让人度假感觉身心愉快！特别是游泳池很赞，一起游泳的体验很好，房间大，海景房很舒服，对这次订的房间很满意。,1
位置很方便！下了高速没多久就到。巽寮这边酒店好多挑了好久定的。酒店真的好大，绿化做的很好，环境很干净雅致。作为海边的度假酒店，游泳池很赞，而且酒店内还有温泉，酒店外是沙滩。房型可选也很多，海景房很舒服，房间大，布局也还蛮不错的！推荐。,1
很干净  度假酒店的游泳池很赞 房间也超级超级超级大也超级超级超级干净 有温泉有海滩 海景房很舒服 都不想回家了,1
这家酒店环境很好，房间很大，很干净，服务也很周到，重点是有沙滩和泳池，还有温泉，太赞了，再也不用发愁找温泉了，很适合一家老小聚在一起。而晚上也会有很丰富的活动，我们去的时候参加了篝火晚会，我很喜欢那个，大家聚在一起很有氛围。,1
就整体的滑雪环境来说这里算是一个比较专业的滑雪场了，但是整体的设施略显陈旧，感觉有一定的时间没有设备翻新了。另外就是里面员工的态度有点不好，不太有耐心，说话有时候也比较难听。旺季的时候人会比较多，感觉有时候安全保障人员会顾不上，会有一定的安全隐患。大厅的饭菜比较贵，味道一般。,1
虽然是一个比较专业的滑雪场，但是整体设施略显陈旧，服务态度较差，工作人员素质有待提高。交完钱就没人理你了，要排很久的队，排完还只能玩初级道。总之体验较差，服务人员的态度影响了滑雪的心情。,1
到惠州来游玩的，所以选了个贵一点的酒店，金海湾嘉华度假酒店果然没有让我失望，订的海景房很舒服，房间很大很干净。特别需要提的是酒店的游泳池很赞，白天游玩得累了，晚上回来可以游泳放松一下！下次如果来惠州的话还会选这个酒店，真的住得很好！,1
酒店的地理位置不错，开着车一直沿着海边很快就能找到。走进酒店，大堂真的不能更华丽，不过从大堂走到我住的至尊海景房有一点点远，不过并不会打消我的雅致哈哈。走进房间觉得花的钱都好值，窗外就是超级美超级美的海，房间很干净也很大。服务态度也是没话说，前台的妹子真的好热情哈哈，或许这就是宾至如归吧~,1
也是看朋友推荐，到惠州来玩所以选择这家酒店。不得不说非常赞，这里的房间很大，床也特别舒服，隔着能望见远远的海景。同时，他们家最赞的要数温泉和沙滩了，玩了之后都感到特别放松。真想再来一次。,1
滑雪场坐落于天山山脉，而且这次冬运会的比赛在这里举行，所以赶紧自驾游来滑雪场玩，不得不说这个地方交通太不方便，听说雪场也不提供巴士，实在应该改善一下交通！并且价格太贵！也不提供三个小时的选项！买了四个小时因为太远划了不到三小时多就下班了！,1
小房间环境一般，没有一些照片里拍出的那么好，整个过程中比较担心床单什么的干不干净，对于按摩技术，真是按的太痛了！差点受不了。总体来说没我想象的好！,1
环境不错，房间也很舒适，适合游玩度假，和朋友一起来玩，想呆在酒店里面就不出去了，费用当然不低，一分价钱一份舒适,1
这几天住下来的感觉好好啊，环境优美，服务良好，房间的设施齐全，房间很大，很干净。是休闲旅游度假的不错选择，下次还会选择这家酒店。,1
这家酒店的环境非常好，海景超级美。整个酒店的设计也很赞。游泳池很大很干净，在沙滩上晒太阳感觉超爽。然后晚上活动好多，交了好多朋友。,1
酒店就在喜来登前面一点，不算特别难找。房间很大很干净。作为一个度假酒店，房间还是不错的，睡得也很舒服。游泳池有些陈旧。但温泉还是不错的，泡进去很舒服。综合来说，还是一个不错的度假酒店。,1
总的来说不怎么样，地方太偏僻，交通很不方便，而且比其他地方要贵一些，雪感觉有点少，人也挺多的，东西也不新，性价比不高。,1
环境一般，不够宽敞，虽然预约了，但是还是等了好久，这点不满意，手法一般般，没有很舒服。,1
很干净的度假酒店，和家人度过了愉快的时光，游泳池很赞哦，有温泉有沙滩，海景房很舒服，价格也挺合理的，下次还会去的,1
上班一直坐着不运动想要来体验一下，但是很不愉快的经历。这么贵小房间的环境很一般，根本不是照片里的那样，比较小气氛也比较压抑，床单也不是一次性的，不能保证干净不干净。按摩师感冒了一直在对着我咳嗽，这样让我很不开心，按得很痛，一直让轻一点，按摩师也不减力道！服务态度有问题，这个价钱不值得。,1
趁着非节假日去的，以为不会有很多的人，没想到人多的很，到处都要排队。离家这么远，为了去一次路上花了一个多小时，买了四个小时的票，因为根本没有三个小时这种票，觉得这么远来一次买两小时的票不划算，结果滑了两个多小时就下班了！这里的票价本来就比其他滑雪场一百出头的价钱贵了，没有夜场也没有人提前告知。雪具是可以租赁的，但是大家不要忘了提前带眼镜，因为现场的只能买不能租。雪场右手边是初级道，目测有4或5条吧，左边是中级和高级道，还有专门的儿童区。由于是新手技术不好，各种摔，但是有很多人滑得很快差点把我撞了，真的很危险！问了一下初级教练周末和平时收费都不一样，大概150元每小时。想请教练的可以参考一下。,1
一家很不错的度假酒店，就在大海边。房型很多，因为是度假，所以就毫不犹豫的选择了海景房，窗户很大，在房间里就能看到大海和沙滩。房间打扫的也很干净，给人感觉很舒服，很高端，价钱也合理，毕竟在景区，这个价钱还是能接受。,1
朋友介绍来的，最近工作压力太大想按摩放松下，总体环境还可以，暖色灯光不错 服务一般吧，没什么特别感觉 技师有点想吐槽，很认真但是手劲好大，说了好几次轻一点才稍微好了点，所以基本上没什么享受的感觉就是痛…,1
期待还是挺高的，毕竟价格在这，但是感觉这么贵的价格好像没能物超所值…先是服务态度就挺失望的，想多玩会但是来得晚了，买了四小时的票结果还有一小时到点就下班了，之前也没人告诉我们没有夜场，问问题态度也不太好…整个感觉就是人很多，设备也不新，地方又远，兴致勃勃开了好久的车来感觉不划算了,1
南方人第一次来新疆，先选择来滑雪。作为万年看不到雪的人，雪景确实很美，去的那天天气也很好。但是体验却不太满意，滑雪场的滑雪器具保养得都不是很好，甚至有些滑雪板上面的靴子都是有味道的，还有关于那个扫盲班，时间真的很短60分钟没有学到太多，还有点贵。,1
虽然环境主色调是暖的 ，但是房间东西的摆放风格没让我感受到任何温暖的地方，就是说太过书香气息了，不过技师服务态度很好，但是他们手上力气真的很大，一再要他们轻一点，需要一只提醒，总之对我来说不算是很享受的一次按摩。,1
总的来说，一般吧，没有期望的那么好。最初选择这家滑雪场的理由是，想去天山，看看那里的雪景，嗯，这雪景是挺不错的，雪场环境也挺好的。但是，服务态度有待提高！询问了服务人员好几次才会回答，而且态度不是很友好，没有耐心。这儿的滑雪安全措施也没有很全面，比较在郊外这种地方，安全防护还需要进一步更改。说到郊外，来回路程的话也不太方便。相比较，这家滑雪场的价格也是比较贵的，而且这里的东西买的都很贵，餐厅也很贵。希望有所改善！,1
这是第二次来，表示这次挺失望的。环境是还不错，但房间都太小了。我约定的是女技师，但后来跟我说换成男的，这我同意了吧，但这次的技师是新来的？？手法不到位，都弄疼我了，技术有待提高！！服务态度一般，而且价格还有点小贵。我本身有点洁癖的，而这次我发现了床单上有污渍，想想都觉得不舒服！希望店家有所改善！！,1
南方人本来是对雪很有期待的，但是这第一次来滑雪的经历着实有点小失望；天山的雪景的确还不错啊，但是工作人员就跟雪景似的，也是不够热情。希望工作人员可以在客人咨询的时候更主动地回答。,1
环境真的很一般，但是价格却也不便宜。技师的手法本来还是可以，但是都不听客人的建议；我这个人特别害怕痒、疼，说了好几次技师还是没有找到我满意的手法。,1
服务态度真的很差，服务员对人爱搭不理，电话还没有咨询完就挂掉，地方而且特别拥挤，尤其是换鞋区。并且交通很不方便，还老贵老贵的。,1
酒店位置蛮好找的，酒店大堂很大装潢的很气派，房间也不错，海景房的景色还蛮好，下楼就有温泉，早上晚上都可以泡一泡，酒店里停车位挺多的，室内室外都有，也很方便。房间打扫得很干净，客房服务也很专业，酒店的工作人员都很好说话，态度很和蔼，总体是一家不错的酒店,1
雪景很美，天山也很美，但是作为冬运会的场地的基础设施不够完善，有些方面还待改进，交通也不够便利，还是很难令游客感到满意，工作人员的服务态度也不是很友好，希望能够继续改进吧。,1
店铺的环境大体上还可以，但是有些部分不太令人满意，技师的手法是到位的，但是力度控制的不是很好，按的有些痛，不过价格还算优惠，希望会改进。,1
这个度假酒店超级干净舒适，房间也很大，来这里度假心情很愉悦！游泳池也很符合我的口味. 很喜欢.最重要的是有温泉有沙滩. 满足了我对度假的所有幻想. 哈哈！,1
这是很好的度假酒店，首先非常干净，房间宽敞舒适，游泳池也很棒，还体验了温泉和沙滩，很赞！海景房观景体验超棒，住着特别舒服。位置好，服务也很周到，一次非常满意的入住体验。,1
作为度假酒店来说，性价比很高。房间很大，也非常明亮，清洁工作及时且到位。有沙滩真的是我最喜欢的部分，简直可以在沙滩上躺一整天。晚上游个泳再回房间，一天就这样过去了，真的是休闲度假的好去处～,1
这家酒店环境就超级棒啊！房间的格局也还不错，洗手间很干净，床也特别软，超级舒服。房间采光也挺好的。价格也还合适，出门走走也挺舒服。早餐也是挺丰盛的。,1
为了呼吸一下新鲜空气才到山上来的，但一天下来很多地方还是挺扫兴的。门票贵先不说，毕竟设施和场地在鸟市也算不错的了，但是花了钱享受的服务让我觉得太廉价了。买票的时候服务员就对我们爱搭不理，我咨询几个事就不耐烦。存东西的时候我的柜子不知道为啥打不开，叫了好几次工作人员我都要发脾气了才慢悠悠地过来。简直差。还要吐槽一下这里的吃的，又冷又贵滑雪本来浪费好多精力特别需要补充体力吃点热腾腾的饭，结果看到就没胃口。不会再来了，在旁边找块地滑下野雪也比这个好太多了。省钱还开心,1
来第二次了，因为第一次映像还不错所以想继续试试，但这次太失望了。按摩师是新来的吗？感觉一点都不熟练。环境还好但是看到了床单上的油迹，虽然我要求换掉了但整个过程都在想这的东西是不是都不干净。价格吧，虽然不是很高，但是性价比也是不令人满意的。,1
雪景很美，天山也很美，但是作为冬运会场地基础设施仍然不够完善，交通便利度也有待提升，怎么说呢，很难令游客感到满意，希望能够继续改进吧。,1
表示非常不满意这次的服务，不仅环境差，手法也让我不满意，关键是价格还非常高。真的是无奈又心塞，以后决定再也不要来了。,1
出来旅游的时候选择的这个酒店，因为酒店位置很好找。正如其名-度假酒店，所以酒店的环境十分好，有游泳池，还有温泉，冬天的时候泡个温泉真的很赞，设计得很人性化；房间也很大，有窗户，不会给人一种闷的感觉，反而觉得十分的舒适；员工对每一个游客都很好，提供的早点也不错！总体来说是一次很棒的体验！,1
在巽寮湾附近，交通还蛮好的，酒店的配套措施确实做得不错，装修也很高大上，房间的阳台就可以看到海，让人心情很好。酒店卫生还可以，房间内没有异味，而且服务员每天定时清扫的很干净，夏天的时候游泳池很赞哦，但是现在游泳池已经关了，可能水比较凉了吧。,1
地方很大，雪景很美！听说还是冬运会场地，慕名而来，但人好多哦。交通不是很方便，有点远，开车找了挺久的，停车也停了很久，然后因为人多买票也买了很久；总的来说票价略贵，没有三小时的票买略尴尬。,1
环境一般，房间有点小，价格也不便宜啊，略贵；长期玩电脑玩手机颈椎不太舒服想来按摩一下，但是技术手法也一般，按得挺疼的，过后也没有很舒服的感觉；服务态度也一般，总的来说性价比不是很高。,1
酒店很大，周围环境很好，是一家很合适的度假酒店。酒店的环境非常不错，大厅很宽敞明亮，订的房间也很干净，布局也很合理，从房间的窗户可以看到很美的景色。酒店的设施比较齐全，有儿童天地，还有游泳池，很适合全家一起来度假。还赠送了温泉，是一次很满意的消费体验！,1
地方很不好找，去的时候找了很久。冬天阴天的时候真的很冷，又没什么其他设施，雪量也不是很足。人特别多，要排很久的队。进去以后发现设施有些陈旧，像是很久没更新了，总之下次应该不会再来了。,1
酒店方位比较好找，设施不错，服务也非常热情。半夜饿了叫了room service，速度非常快，菜品也非常美味可口。总体来说我非常满意，有种家的感觉非常舒适。,1
交通不太方便，住宿太热了，缆车比较慢，食物卖的比较贵，门票也很贵，眼镜不能租只能买，也挺坑的，但是还挺好玩的,1
酒店设施十分齐全，有一个五星级度假酒店该有的样子。海边还有各种游乐设施，陪着孩子一起来玩的很开心，他还说下次还要来这里。就是收费稍微贵了一点。沙滩很美海天很蓝，棒棒的，五星好评,1
作为冬运会场地，雪景还可以，但是环境不是很好，而且附近的交通不方便，一圈玩下来，感觉门票有点太贵了，吃的喝的也贵。,1
以前没有去过类似的店，这次来感觉并没有想象中的那么好，环境不是很好，按摩师的手法也不是很到位，并没有让人感觉到非常舒服，希望以后还能做得更好一些。,1
这个度假酒店是之前外出旅游时发现的，环境非常幽静，而且有海景房，躺在床上看着外面的大海，那感觉还是很爽的，游泳池很大，温泉也是旅游度假时候的一种最好的享受。,1
这个滑雪场环境不是很好。虽然雪景还可以，但是附近的交通不方便，进出很麻烦。门票以及吃喝都太贵，住宿的地方偏热，这就不是很舒服了。眼镜居然不能租，只能买，这就比较尴尬了，毕竟不常去。,1
一分钱一分货，还是一次比较愉快的住宿体验。朋友开车来挺快的，环境很好，泳池、绿化、温泉。都让这两天过得很舒服，之前看到点评说卫生间不好的情况，我没有遇到，很干净整洁。淋浴水量也很大。下次来旅游还会住。,1
和朋友特地自驾游去的，结果真的很失望！首先地方真的很偏僻很难找，交通很不方便！！进入之后设备真的很旧了，感觉从来都没有更新过，想要去换设备的时候，服务人员真的态度很差！！手机那么贵的门票费还这样！,1
特地在网上预约了技师再过去的，结果到了店里竟然要让我换人，服务态度也不好！和前几次去的时候差远了，以后应该不会去了，毕竟那边交通也不方便,1
还行吧，房间环境还可以，比较宽敞，不过无窗总感觉有点怪怪的。提供的早餐水平太次配不上房价。泳池花园都很大度假环境不错，沙滩比较干净，感觉水质不错，救生员配置还算到位,1
一次不太好的体验，那个坡度设计的也太不合理了，雪质也不怎么样，本来约好朋友一起想去锻炼锻炼，但是一点也没有达到我的要求。雪质非但不好，可能还没有经常维护吧。唉，反正就是各种不如意！,1
 首先，房间灯光的设计极让人不舒服，从而会让人感觉不太卫生。虽然外部环境看起来不错，但内部环境就不敢恭维了。其次，技师的手法也没有介绍的那么好。,1
环境宜人，滑雪场坐落于天山山脉逆温带生态谷地，周边生态环境好，雪景宜人，尤其是下雪后松林积雪的美景；交通非自驾的话有点不便；服务不到位，周末客流量大，工作人员相对不足，服务态度与速度有待提高。,1
环境不错，唯一不足就是有些房间没有窗户，空气不太好；服务有待提高，提前预约好了时间，也需要排队等候；技师手法娴熟，但是手劲有点大，有些客人可能不适应；价格对比上一次价格涨了一些。,1
这个雪场挺大的，雪道数量也够多，就是地理位置有点偏僻，过去的时候交通不太方便，价格还能接受，稍微有些贵吧。还有就是教练有一点点高冷QAQ,1
酒店交通便利，设施全面而且高端，四周风景怡然，高端大气上档次，逼格很高，酒店超级舒服，对得起这个价格了！下次还会再来，推荐给你们！,1
"去的时候由于时间仓促，所以游泳池并未体验，除此之外都是非常理想的。房间尤其舒适，视野开阔，风景优美。沙滩风景很好，是很好的观景点，甚至还有温泉，总的来说设施比较齐全，是一次良好的体验。
",1
该酒店位置较好，沿着导航和指示牌就能找到，也算比较好找的，停车位相对也算比较多。房间宽敞，打扫也算比较干净，环境雅致，装修逼格很高。泳池沙滩什么的简直不要太棒，总之度假去这儿是个好选择！,1
路途太遥远，交通不太方便，感觉有点小累。整体来说滑雪还不错啦~嗯，就是有点小贵。吃的也不符合我的口味，不太喜欢。环境还可以了。,1
旅游的时候来的！同学推荐的地方，环境干净，和网上搜到的图片还是挺符合的。设施条件好，设备比较齐全，但是有的设备还是应该更换一下啦，不要有安全隐患～教练好，教得也挺认真的。滑道有适合初学者的，方便上手，玩的还是很开心。唯一就是总的价格偏高～特别是食物略贵总的还是很不错！希望下次又来！,1
家附近的店，环境还不错，服务也周到。技师手法比较专业，之前因为复习备考长时间久坐，埋头看书，腰和颈椎都觉得很难受，特别是脖子。来这边按摩之后好多了，按摩师傅还教了一些平时自己活动筋骨的方法，埋头久坐之后可以自己活动一下还不错！,1
位置很好找，是一个很赞的度假酒店，还可以泡温泉呢，游泳池也很棒！订的是海景房，房间很大很干净，给人一种特别舒适的感觉。酒店人员的服务态度也特别好，feel at home !,1
雪景很棒，但是滑雪场设施比较旧，交通也不是很方便，服务态度期待能更好一些,1
环境还不错，就是那天为我服务的技师可能不好还是怎么的，劲有点大，有点疼,1
2个星期前和老婆来了这家健康馆，怎么说呢老婆觉得这家店很舒服，她想推荐6号技师。服务是还不错，但我觉得每一家健康馆或者养生馆都能做到对按摩技师培训到嘘寒问暖，处处咨询你的需求。可是我找不到一个这家健康馆特色的地方，看了默认评论都说环境好，可我觉得这种木质家具的内部环境以及一股熏香味让我很不舒服。,1
带老婆孩子来这个滑雪场玩耍。风景还是可以的，天山的雪景还是很棒的，而且还是冬运会的比赛场地。所以说硬件设备是可以的。但是。。。。。。某些服务人员的态度我真的是醉了啊，十分的冷漠，就好像我们滑雪初学者就不应该在这个地方活动一样。,1
房间很大也很干净，晚上去了游泳池，很赞。这家度假酒店的海景房很舒服，晚上在阳台上能感觉到海风的味道，很棒的体验，不过价钱有点小贵，不过也挺值得的～,1
环境一般般，不是特别好。技师手法好狠啊，特别疼，不会问顾客的感受。总体来说，价格还是偏贵，觉得划不来去一次。体验不是很好，环境也不是很干净，比较脏，有点接受不了。,1
太冷了雪地特别滑，特别冷有点接受不了。人太多都滑不开，特别挤，心太累。环境比较脏，包包之类的东西没有地方放，服务不周到。雪一点都不白，服务真的很一般，消费总体比较高。总体来说比较差。嗯就是这样。,1
酒店房间很干净，前台和客房服务服务态度也很好。住在海景房，房间很宽敞明亮，房间内的设施也很齐全，风景也很好。最好的是游泳池很棒！和朋友一起来玩的很开心。,1
雪国风光太棒啦，然而除了雪景之外似乎没有感受到应有的滑雪快感——首先人不少，在新手区总是很危险会有冲撞，实在是不敢带孩子去，游玩比较混乱，真希望设一些分开些的新手雪道。我也去了顶上，顶上人是少了，但是安全管理，滑雪路线设计，各种标示都不健全，划的时候挺慌的。其他硬件还不错，宾馆里面还有滑雪设备都可以。但是服务很一般,1
环境非常好，床很大，房间也很大。我们看的电视也很大，在房间里都不想出去了。在宾馆就餐的体验也很好，食材很新鲜，服务员也算是热情的。天气好的时候就会到外面，外面的设施也很不粗哦，我们在沙滩上玩打了排球。总之这次度假我们很开心，有机会还会到连锁的酒店的。,1
因为刚好在旁边玩 晚上就住了海景房 特别舒服 真的是值得花这个价钱住的 房间环境特别干净房间也特别大 酒店还有游泳池温泉和沙滩 第一次住这么好的宾馆 很棒 可以好好享受一番,1
男票好不容易休年假，一起来这边玩耍，定了套餐，不仅有超赞超大的海景房，还有温泉和鱼疗，超级浪漫有没有！超级喜欢啊，朝外看就是大海，颇有海子“面朝大海，春暖花开”的感觉。比较适合情侣度假居住，推荐！,1
好远好远，外地人过来真的交通很不方便啊……而且个人感觉价格偏高，人好多排队排好久，设施感觉也不到位，总之玩得不太开心……,1
地理位置很好没得说，房间干净明亮，设施也很全，工作人员态度也很好，和朋友来旅游，非常愉快的住宿经历~,1
和同学一起去武汉玩。没想到武汉这里也能有天池，风景很不错，门票也不太贵。坐船到天池的另一边吃了一顿农家菜，可能是走累了感觉特别好吃。景区内还可以走水上绳索，最后还可以滑下山，好玩又不累！,1
和男朋友一起去杭州旅游，想住在西湖边才定的这家酒店。因为地理位置价钱是有些贵了，但入住之后觉得非常不值。酒店房间隔音效果很差，晚上走廊里有人走路说话都听的一清二楚。房间卫生间有些地方没有打扫干净，只能可以不去看装作不在意。早饭也没什么好吃的。性价比不高,1
天池天气好的时候真的超美的啊啊啊 山青水秀，自然风貌保持的很好，有很多好玩的项目像是飞索和滑草都很棒，玻璃桥也很刺激……不过一路走下来还是会比较累的，可以常常休息一下，吃点小吃，慢悠悠地兜~,1
环境优美，很多建筑亭子什么的都是用天然材料建造的，感觉很贴近自然。在温泉里可以看到山，旁边也有很多树。但是酒店本身楼比较老，外观比较旧，感觉墙体有点蜕皮不是很美观，另外可能由于潮湿所以有些霉点，可以理解，不过还是希望能够改进一下~,1
景区比较偏僻 性价比很低 门票贵 里面没什么看点 爬山很累 路很陡 就一个天池 山顶的风景有点看头 空有5A的噱头,1
酒店位于商业区 离西湖非常近 晚上可以去湖边散步 地理位置优越 房间比较干净 服务态度不错 喜欢圆形浴缸 性价比较高,1
总体就一般般 性价比不高。地方还算好找吧 不过路上信号不太好 跟着导航兜了一会儿。服务虽然不热情 至少能尽量满足我们要求。去的时候天气不太好 显得室外环境没有图片中的那么好看 所有没有让人感觉很放松。室内装潢还ok 不新但是还算比较干净。下次应该会选择别家比较一下,1
性价比很高 温泉水挺干净的 泡完很舒服 很适合懒人的休闲方式 以后还会再来,1
说实话，作为一个温泉专业户，我觉得这个根珠海的海泉湾差太多了。首先水质我要吐槽，人多的时候非常不卫生，水很混，而且温度都差不多，像是自来水烧的。而且说是有各种疗效，其实感觉没什么不一样，颜色变一变而已，环境嘛，一般般，可能刚开始装修的时候还好，这几年年久失修，好多地方其实很不好，酒店房间很旧了。服务嘛，态度不热情，比较懒散，一点都不专业。总体来说，不是很理想。,1
总体来说感觉很不错，技师手法很专业，按摩的很到位，精油感觉很正宗，很舒服。第一次做spa，一开始还有点怕怕的，不过技师上手后就立马放松下来了（听起来有点污）。spa真的太舒服了啊！前台推荐了技师12，手法很专业，反正我是爽到了。环境也不错，非常的高大上。第一次去不知道怎么弄，前台小哥非常热心的介绍了一通，感觉服务很到位，很棒，下次还会去放松按摩。,1
总体体验感还是非常不错的！下班后约了姐妹一起来放松一下 环境比较干净 按完摩真的感觉非常非常轻松舒爽 沉积已久的劳累一扫而光 价格来讲也是ok,1
感觉唯一的特色就在于温泉周边自然环境还不错了 明显感觉温泉有年代感 不是道是不是真泉还是人工开凿 相对之前去过的温泉相比门票相对较高 性价比不是很高吧 没有住店当天就返回去了,1
和朋友一起来西湖玩的时候住的，离景区非常近，最看中的就是这点了。卫生条件什么的比起其他酒店相对来说还不错了，我们住的房间还算干净整洁，设施也齐全。考虑到价格因素，早餐质量差不多中等偏上吧。总体还是比较满意的。,1
看了很多攻略，本来是想来好好玩的，结果这边交通不太方便，感觉很大一部分时间都花在路上了…到了以后发现这边人也太多了吧，跟超市大卖场一样人挤人，这可能是景点的通病…最后也就跟着人流爬了山，走了个玻璃栈道，没心思玩别的了。可能希望越大失望越大吧…,1
冬天泡温泉真是舒服啊，上午去的，感觉水质还不错，周围绿化做的很好，泡在池子里看看周围的景色，相当惬意。服务态度很好，手机落在更衣室了，发现了以后立马帮我找了回来。下次要多叫几个朋友们来，感觉人多会很有意思,1
酒店看上去挺豪华的，房间也很大，隐隐约约有股味儿，感觉不是特别称心，毕竟价格真的挺高的。还有就是觉得吧，收费的条目有点太多了，停车啊娱乐啊什么的，已经涨价那么多了是吧。其他还挺好的,1
不是很愉快的一次度假，首先位置太偏，在周围玩的话交通很不方便，酒店从外观上看还挺好，但是房间的设施和卫生真不敢恭维，床单被套有黄黄的污渍，地板也不太干净，连遥控器也是脏脏的，空调还行吧，但是热水！放很久才有而且水温太难控制，服务...我本身就对这个没太高要求，也就马马虎虎吧。总之体验一般。,1
去重大找同学玩，他推荐的，我也是第一次泡温泉，不能说比较，但总体来说还是非常满意的。温泉水很干净，因为是周五来的所以人也不多，泡了很久。酒店的食物也很棒，非常符合我这个东北人的口味(以为都是些辛辣的)。房间很好，不算特别大，但是很干净，该有的东西都有，热水来得快，很温馨，睡得很好。,1
来玩，价格中等偏贵吧，不过绿化也还行，但是人太多，体验不好，温泉池说是有不同功效，也没啥区别呀。对比去年去的东北的温泉，室外的那个真是不一样，差挺多，可能温度不一样，还是得控制客流量，，起码让来了的人体验好点，留住客人。,1
虽然距离主城有点距离，温泉酒店嘛，位置也不难找，进门有孔雀哎，有观赏性，不错。有温泉，价格也算合理，就是房间有的地方有霉斑，不过也能接受，服务态度也没像大家说的差，总体来说不错,1
"地方还算好找吧 不过也之前受朋友之邀去的，她是本地人，带我们一起玩。

这里是冬运会的场地，当然来之前充满了期待～也可能是期望越大，失望越大吧...感觉环境和周围交通的便利程度还有待提高，而且稍稍有点贵..

上次来的体验没有很好，不过还是很期待以后的发展，毕竟这里有雪景有天山，自然条件很好",1
"和男朋友来杭州旅游，住了几天后来评论的。

觉得这家地理位置很不错，而且离西湖很近，又提供酒店+景点的套餐，很是实惠～

WiFi信号不错，房间隔音效果也很棒，房间和走廊卫生也都有人及时清扫，服务也非常贴心～会推荐给朋友的～～",1
风景一般，住的地方有宰客行为。景区管理不好，上山下山的游客挤成一团。,1
位置很好，离地铁口很近，房间打扫的很干净，服务很好。设施齐全。,1
第一次做spa，一开始还有点怕怕的，不过技师上手后就立马放松下来了（听起来有点污）。spa真的太舒服了啊！前台推荐了技师12，手法很专业，反正我是爽到了。以后不知道还有没有机会来哈哈,1
"在这里泡汤的体验一般般吧...首先可能是我时间没选好，星期五晚上去的，人巨多,各自池子里都聚满了人。然后有一个池子还有点特殊的味道，我一进去就立马出来了，不知道是一直有还是前面的人留下的。水质我没什么感觉，也就那样吧，不过性价比真的不高。住房住不起，泡完就走了。学生党攒了钱想放松一下的，感觉有点不划算吧。",1
总体感觉一般，风景很普通，没什么看头。爬山又累又热，到了山顶也没有看到特别惊艳的景观，感觉白费力气了。玻璃桥一点都不吓人，走了也没什么意思。,1
很不错的酒店。沙滩是酒店私有的，只有住客才能进去，完全不会像外面的海滩那样人挤人。无边泳池就在海边，游泳的同时也能看见美丽的海景，可以说是非常惬意了。,1
服务很一般，工作人员比较冷淡。水质并不是很好，感觉不干净，浑浊，而且水温有点过低了，泡得不是很舒服。价格不便宜，但设施略显简陋，没有及时维护。,1
酒店的位置很好，交通很方便，靠近西湖景区，方便游览。房间卫生状况良好，干净整洁，我很满意。有什么需求前台也会迅速回应并满足，是一次愉快的经历。,1
住的豪华双床房，虽然订的时候看了房间面积并没有很大，本来有点担心，但是到了之后觉得很宽敞，装修明亮典雅，是我喜欢的。晚上在西湖边吹吹风，回到酒店睡了一个很舒服的觉，开心~,1
刚进门就看到旅游团在门口堵着，还有好几个人抽烟，弄得乌烟瘴气的。这让我怀疑自己住的不是近千元的酒店而是火车站旁的招待所。然后是等待漫长的Check in， 标准房的房间并不大，装修风格是很普通的，并不觉得卫生干净，用的是自己带的洗浴用品。,1
作为学生党，真心觉得这种5A景区不划算。完全踩了雷区啊。景区内的项目处处要收费，30元一次，超坑。吃饭的地方也贵，而且不怎么理人。还算是呼吸了一天新鲜空气吧，但是讲真，我去长江大桥免费绕一圈比这爽。,1
外出旅游，找一个好的酒店真的太重要了。这次杭州之旅超开心！走两步就到了地铁站，离西湖也近。最重要的是，酒店装修真的很好看，感觉自己变成了一个小公举。以后来杭州，就认准这家了！,1
位置有点偏，交通不是很方便，从外面看上去还是很高大上的，花了那么多钱去过个周末，结果里面房间有种奇怪的味道，床单被套也不是那种非常干净的，浴室的热水也要等很久才能热，花这么多钱，这服务态度也不怎么好，感觉有点不值了，,1
之前去看同学的时候住的，离大学城还算比较近，虽然有点小贵，但环境确实蛮好的，房间里也没有以前我住酒店时的那种臭臭的味道，温泉水也干净，是一次比较开心的体验！！,1
故乡的滑雪场啊，可以说是从小到大去的次数最多的娱乐场所！但感觉没有以前那么好了……人气很旺，却也因人多时常出现插队的现象，管理方面需要加强～价格比以前高了许多，希望设施方面可以跟上～由于地处南山，驾车过去还是比较方便，但不方便单独出行，推荐和家人朋友们聚会一起去～,1
很不错的酒店，设施什么的都很新，干净卫生！泡温泉的好去处，海景房的大床很舒服！服务也很热情！性价比还是蛮高的，早餐也比较丰盛。娱乐设施齐全，很适合家庭旅行。,1
今年寒假的时候，瞅着开学前跑去找同学玩，正好两人都想去滑雪。还是建议避开假期高峰吧，人多滑起来不那么爽。滑雪场的价格是偏高了，尤其皮圈，来来回回拉皮圈都很废时间了。再说滑雪场提供教练服务可以，是为不会滑雪的着想，但是真的为顾客着想就应该增加防护措施，改善雪质。,1
前两周连着没课外加运动会有小五天假期，跑去找同学耍，因为离大学城比较近，同学推荐的，价钱有点小贵，不过毕竟不是快捷酒店，还是可以接受的。但是对于学生党来说，打的找宾馆还是稍稍有点贵。没有带泳衣，所以没有泡温泉，有点遗憾没有体验这一大特色。[早餐]蛮丰富的，毕竟是度假酒店。[房间景观]可以说是很惬意了。,1
环境挺好的（安静），泡起来很有感觉。温泉煮蛋很有特色。是泡过最好的温泉之一，水质好，很少有脏的小东西。酒店也很好的。虽然人多，但服务员态度都好。,1
就是个人觉得收费的条目太多，停车、娱乐什么的，已经涨价那么多了是吧。酒店看上去挺大、挺好的。房间也大，有股味儿，感觉不是特别称心。很失望的一次住店，价格真的太贵了！,1
虽然价格对学生党来说可能有点高，但是物超所值呀！环境很好，植被挺多的，早上起来晃悠一圈空气很清新，而且交通很方便，有公交车。而且，卫生挺好的，厕所间体现的尤其明显，很喜欢了。推荐哦！,1
人实在是 太多 太多了 时间全部浪费在排队上，让人很烦躁，而且雪场面积比较小，树木相对来说有点密集，所以我觉得安全性上还需要改进，毕竟也不是所有人都是熟手。最后，那边拉人的人太多了，雪场没有好好管理，一直在被人拦。,1
酒店环境很好～在度假村里面，绿化很多，空气也清新！不过要提前挺久才能订到。入住就可以免费体验高尔夫和温泉，泡完温泉之后整个人都轻松很多。酒店服务也很周到，价格也适中。离上海不远，开车2小时左右，适合全家出行！,1
这家度假村很有苏州园林风，到处都是竹林，还可以在茶轩里喝茶。从上海过去大概2个小时，环境很安静，很适合放松休息，里面有温泉和高尔夫球场。温泉很暖和很舒服。,1
"学校团建 离上海只两个小时车程 还是蛮方便的！ 快到的时候就看见一大片绿色 顿时心情大好 整个度假村处处都是苏州园林的感觉 特别有味道～ 【娱乐】有高尔夫球场真的太棒！ 每人两盒球，大家还可以玩游戏比赛着打，很开心！还有温泉，看了一下，很干净下次有机会再玩【食物】早餐很体贴 以中餐为主 苏式红汤面可以说是拔草了！还有西餐  火腿吐司之类的，相当国际化和体贴了 
总之很开心 还会再去",1
装修的风格古色古香，适合家人一起度假。停车挺方便的。高尔夫可以免费试玩，还有赠送的温泉体验。过来呼吸一下新鲜空气挺不错的，有机会还会再来。,1
跟朋友一起定的，没想到这个价位还是这种环境啊...停车倒是还好，主要明明提前订好了，在前台登记还是耽误了很久才弄好不知道干什么的。房间里地毯总觉得脏脏的，建议以后不如撤掉。入住的时候洗手台还有水，总之各种不如意。,1
房间感觉不太干净，太热了，很小而且比较吵。性价比不高，收费贵，技师的手法比较一般。总体不是非常满意，总之还是希望店家能多多改进,1
这家酒店是今年暑假时和家人一块去的，看到网上评论说有温泉，就想带着爸妈来体验体验。但是下车一看，酒店外观很旧，甚至有的地方还有霉斑。服务的话，感觉那天入住的人有点多，所以我们也是等了一会才办完入住手续，所以希望以后这块能有所改善。另外，房间的话，隔音效果真的是不敢恭维，真的被隔壁一群聚会的人吵到很晚才睡着。,1
前几个礼拜去重庆看同学，然后正好是周末到这家酒店的，感觉人气还是挺旺的，不过感觉周末的时候酒店的价格对于我们这些学生来说确实有点贵。。。总的来说，卫生还可以。不过因为人比较多，所以服务速度有点儿慢。。。然后的话，感觉设施有点老了，隔音感觉也不是特别好，早上有的时候会听到门外的人在大声说话，就会睡得不太好。,1
环境很棒！进入后会有手牌然后拿拖鞋去更衣室，淋浴间就像所有温泉一样会有各种桑拿房、湿蒸房之类的，特别大！温泉有几个露天的池子，也有室内的不同的浴房，还算干净。里面有小卖铺和餐厅，有点小贵，还有健身中心之类的有需要可以去。总体不错~,1
温泉水看着不是很干净的样子，房间里有一股奇怪的味道。各类设施看起来年代很久远了，隔音效果也不是很好，隔壁和走廊的声音时不时传来。早餐种类虽然很多，但味道不怎么样。总体来说比较失望。,1
作为一个上海娃，第一次能和这么多雪接触，真的兴奋极了。这个雪场够大，而且人也不会特别多 ，所以即使自己跌跌撞撞也不用担心会和其他人撞上。这次很感动的一点是，周围有很多不认识的人和一些工作人员都试着教我些简单技巧，让我这个菜鸟的第一次滑雪体验多了一份温情的色彩。总之，算是一次不错的体验。,1
我去年冬天去的，和同学一起的，现在又来看看评论，准备今年再去一次。因为以前上海唯一一个七星滑雪场，到现在还没开，所以找个地方很难。这个地方我觉得是我去过的比较好的，环境挺好的，而且人也不是特别多，不会觉得特别拥挤。,1
这个人均价格与实际情况不符合吧......找地方就花了很长时间，打电话询问服务台还很不耐烦，人多总是排队，还和我们说鞋子不够多等会。下次换个地方。 ,1
"南方人第一次看到雪真的好激动,南川金佛山这个滑雪场是重庆比较好的滑雪场。雪少的时候,还会有人工造雪营造气氛。可能因为还没到最旺的季节.所以人不是很多,但是这样滑雪就更舒服了,也不用担心会撞到别人,可以自由自在的和朋友一起玩。整个滑雪场还挺宽敞的,滑起来特别带感。明年再家人一起来!",1
这边很靠近地铁，但是卫生状况真的难以形容。被子感觉不是很经常换洗，我对味道比较敏感，房间里的气味让我觉得不太舒服。房间感觉陈旧，有很多灰尘，应该打扫得不是很好。还有，这里的洗漱用品我都不敢用。,1
因为是在西湖边上所以才订的，但是除了地理位置稍微有些优越性之外，没有其他优点了！！！首先整体的装修真的不想吐槽了，和朋友两个人订的是大床房，空间小到没话说，而且房间里有一种怪怪的味道，开空调窗户都没办法除去。个人很看重酒店的浴室，但不得不说很失望。,1
地段还可以，但是内部条件不太令人满意。首先是房间设施比较陈旧，灰尘较多，换气系统可能有点问题，房间里有股怪味。其次是装修风格，主体是金色和紫色，水晶吊灯有些让人不懂欣赏。酒店的早餐也一言难尽，可能本人不是素食系。和期望的有些差距。,1
"和爸妈来杭州玩 酒店选的真糟心啊！
冲着酒店是高档型还离景区非常近 
交通也方便靠着地铁站 
而且附近就是商圈 
但除了地理位置…一无是处！
酒店里面拖鞋只有一双 催了好久才送上来，服务员态度简直不耐烦 
被子上也有一些黄色斑迹…
对得起“高档型”的定位吗",1
去这家就是看中这里交通方便，离西湖就十几分钟路程，可是实际过来住了之后到晚上才觉得吃了大亏，首先临着商业街觉得外面很亮很吵，晚上隔音也差，很晚才睡着；然后就是总感觉房间通风不好，一股臭味。服务也一般般，感觉服务员老摆着个臭脸，让人看了好心情都没了。总之不推荐去住，尤其是睡眠质量差的朋友当心住进来被吵到,1
地段很好 位于地铁口 离西湖也很近 交通十分便利 但是酒店卫生很糟糕 到处是灰 床上还有头发 设施也比较老了 感觉性价比很低 不会再来了,1
除了地段还可以其他都太令人失望。装修非常旧，比较土气。被单和毛巾也不太干净，椅子上都是灰，房间里不通风有味道。叫米兰花园却和期望差距太大。,1
地理位置很有优势，靠近西湖，交通方便。但是卫生和服务以及设施方面实在不敢恭维，房间里有股怪怪的味道，隔音效果也很不好，走廊里有什么大一点的动静都能听得到。服务也一般般，空调有问题过了好久才有人来解决。,1
"酒店果然地理位置特别好,走到西湖就只需要十几分钟而已,对面有个商场,楼下有面包店。但是除此之外,没有什么可推荐的地方了,价格比较高,可是房间里脏脏的,桌子上和椅子上很多灰,感觉像没有打扫过一样。告诉了前台,他们也没有及时解决,慢吞吞的。订了双人间,但是房间特别小,隔音也不好,走廊上有人路过说话声大一点都能听到。下次不会再来。",1
第一次来这边泡温泉，开始担心要开车比较久，过去之后除了泡汤会无聊，但是没想到有好多的娱乐设施，水上活动之类的，感觉回到了小时候去的那种水上乐园，超级有趣！！而且水质很不错，适合放松心情，解除身体疲乏～推荐！,1
从长沙过去不远，是在温泉酒店里的。看评论说水质不错，到那儿就无语了，都是室外的水池，那水质是不敢恭维……环境是还可以，但是温泉主要设计池子吧，水不够热，池子还少，大家挤在几个小池子里，超级尴尬…每人限量一份的水果真是少得可怜，服务员的态度也一般般……不怎么好的体验,1
哇，第一次去这家温泉，人气真的好旺！还有一些游乐设施，就像一个水上乐园一样哈～果然真温泉就是不一样，水很干净，泡在水里就不想出来了哈哈！而且服务也超好的，向工作人员问洗手间位置的时候态度超级好！下次还得来！！！,1
位置挺好找的，就在收费站旁边，周围的风景怡人~ 温泉水挺干净的，水温也合适，泡完了感觉全身轻松~ 工作人员的服务态度也很好，下次还来~,1
朋友推荐的，正好最近降温了就去体验了一把，还是很满意的。因为是周一去的人还不是很多，上午泡的温泉，水质挺好的，可能下午就差一点吧。还有游乐设施，还挺刺激的。等正式入冬了还要带爸妈也来放松放松。,1
（位置）紫龙湾就在长韶娄高速灰汤收费站不远，地理位置优越，而且停车很方便。（水质）水很清澈，水循环很到位，水温适宜，热腾腾地能让人全身放松。（服务）服务员态度热情，很尽职尽责。服务员随叫随到，让人舒心。（设施）一应俱全，酒店餐馆泳池温泉，儿童娱乐场所，桑拿按摩，在这里连续度假几天都觉得很舒畅。,1
（技师）技师手法不娴熟，按摩时还有刺痛感，按摩体验很差（环境）环境较差，没有格调，卫生也一般（服务）服务员态度一般，不是很认真，只能满足基本沟通需求，不热情。,1
能接触到大自然的风景，趁着周末放松一下自己，真的是很棒的体验呢。景色很好，游玩项目也比较多，里面还有玻璃桥、游船等项目，是个休闲的好去处！,1
这个周末去的木兰天池，因为是提前在网上买票所以便宜了很多。来这里主要是体验玻璃道，看着吓人但其实还好，并不是很高，距离也短。景区内娱乐项目很多，比如滑草，滑道。坐游船就可以到另一头，风景很漂亮，山里空气清新但没有太阳的地方还是很冷。感觉比之前开发地更完善了点，很多娱乐设施还是不错的。,1
挺好玩的，门票也不贵，感觉不虚此行~景色都很美，好久没有出门呼吸新鲜空气了，看到这些绿油油的景致心情也变好了。天池池水很清澈，就顺便在上面坐了一趟船，一个人来回30可以说挺便宜了。滑梯和滑草看上去也都很好玩可惜时间不够了就没有细玩，下次有机会还会和家人一起来,1
去的时候天气很好 水很干净 和天交相辉映 风景很好 空气特别清新 就是周末 人有点多 除了欣赏美景 里面还有许多游乐项目 有点小贵 但如果不玩项目 单从门票价格来说 性价比还是很高的 总之是一次很棒的体验 希望有机会再来,1
位置还挺好找的，服务也还可以吧。但是房间质量我也是醉了，1000+的房间连窗户都没有，再加上房间通风设施还很差，整个房间都显得阴暗暗的。,1
第二次来巽寮湾啦，出发前在网上选了家相对好的酒店，不过结果还是有点差强人意，价格偏贵，虽然酒店外观是不错的，但里面就不咋地。房间挺大的，整体看上去好像挺干净的，不过还是有些边边角角有污渍，没看到自然是没什么，但看到了让人就有些不舒服；而且有股淡淡的奇怪的味道，可能通风设施不太行；装潢也比较中规中矩，没啥亮点；早餐还行，如果周边吃东西更便利的话，我可能选择出去吃。总体来说，风景很美，性价比不是很高。,1
满心期待去的，水挺干净，但是水竟然是凉的，挺失望的，服务态度也一般般，可能是晚上了，感觉人都不太热情,1
酒店的服务真的超级好啊，前台小姐姐很温柔，酒店的位置也不错，出去就是商圈，去景区也比较方便，卫生的话也达到一般偏上的水平了，总之还是很满意的。,1
总体还行，环境不错，前台小哥推荐了一个技师，手法非常娴熟专业，效果也很不错。Spa使用的精油很正宗，赞一个！,1
也许是周末去的关系吧，人熙熙攘攘，水挺浑的，感觉没有及时处理。水温也没有其余的温泉合适，环境还是可以的吧，服务态度有一点懒散，爱理不理的，非常不方便。,1
很满意这次在米兰花园的度假体验!酒店就在西湖边，交通很便利;从预定时就觉得服务态度很好，入住后更是觉得周到贴心;房间设施齐全，硬件设施很好;酒店也内部卫生状况很好，每天做清洁的工作人员非常认真。很喜欢 这家酒店!,1
个人认为这个价位得到这样的入住体验有一些不应该。度假村虽然在旺山生态园内但是用了点时间找，交通并不是十分便利;预定时在电话里的沟通就不是很顺畅，服务并不让人满意;房间设施齐全，但卫生状况不是很好。希望有所改进，期待下次更好!,1
"服务员很耐心，很漂亮；菜色也不错，尝试了一下没吃过的中东料理，感觉还好；
就是价格稍微有点贵，如果能便宜一点就更好了 ",1
菜品味道只能说一般，价格还不便宜，希望可以有所改进；必须提出的是服务质量很差，让服务员来倒水，喊了老半天都不来，体验很差，茶壶里的茶水都凉了还不换，茶的味道也很淡，下次不会再来了,1
哈哈提前订了房间和闺蜜一起去玩，装修确实古色古香的，再加上绿化做的也很好，开门见到山，特别适合拍照啊。随便逛逛，还能泡温泉，空气好，还很近，可以多玩玩。,1
这个环境真心让人感觉很不舒服，技师手法也就很普通，感觉也不专业，价格也不便宜，服务体验不太好。,1
价格很贵，有种被坑了的感觉。酒店位置很偏可能除了树多一点其他没什么好的了吧。温泉很假，感觉水不太干净。服务也不是很周到。建议这个价位还是去连锁的星级酒店吧，像这样的度假村以后还是少去了。,1
交通真的很方便，在地铁口附近，很适合乘坐公共交通来的游客，还靠近西湖景区。房间装修挺豪华的，明亮典雅，很敞亮。床很舒服，卫生各方面做得都不错。总之是很满意的一次体验。,1
"最近气温开始降低，就决定去泡温泉。紫龙湾温泉作为国家4A级景观，环境风景超棒。而且温泉水温很合适，水质还挺干净的，据说是“天然药泉”，有没有药效不知道，但泡完之后身体还挺舒服的。而且可以带小孩一起，还有水上乐园。但就是人有点儿多，有一点儿拥挤。
",1
本来到杭州玩，想看西湖，就选了一个离西湖近的，交通是挺方便的，但是酒店卫生设施之类的太差了。房间里一股发霉的味道，而且被子地面都没有打扫干净。服务态度也不是特别好。,1
[性价比]底，餐厅价格太贵，位置又偏[卫生]感觉非常不干净，总感觉房间灰蒙蒙的[服务]差劲，态度太差.感觉温泉一般般，不值这个价,1
酒店交通非常便利，在西湖边上，离地铁也近，位置很优越。环境也非常好，装修很漂亮，服务也挺热情，很不错的一次体验~,1
位置偏点无所谓，周围风景不错，挺安静。但是服务和房间内的卫生相当一般，房间里的味道很大，地面啊、床单啊都显然不值房间的价。不会再花这个钱咯。,1
服务态度挺好，环境可以，价格还不算贵，从里面挺放松的。专业不专业嘛，我还真说不上来，不过能舒服舒服不就很好吗？,1
一堆朋友组队来的，古色古香很有慢生活的味道，可是价格偏贵，感觉被坑了毕竟是学生，温泉里的水不是很干净，服务态度也不怎么好，这种地方卖的也就是个环境了。,1
环境很好，水很干净，有消毒的，朋友一起团购还有优惠，按摩师手法很专业，很修身养性，值得来！,1
"坐了很久的车才到，第一印象是宽阔，第二印象是人多。。。要是到人少的时候来应该可以玩的更舒服些。
收费还算亲民吧，有漂亮的雪景可以看，总之不亏!
到晚上还有美丽的星空，就是比较冷要穿的厚实些，想看星空的话值得一试。",1
"地理位置的确方便到没话说，但是其他方面尽是麻烦，完全没有一个好的酒店应该给人的感觉。
前台态度很冷漠，想问点问题就各种不耐烦，没有一点认真解决问题的样子。
房间里的东西感觉都脏脏的像是没有打扫干净，浴室真的吓到我，隔壁还有噪音，看来墙壁的隔音效果也不太好。
早餐很水，口感很差，总体性价比不如普通的三星酒店，如果有洁癖就还是不要选这里。
",1
真的是活久见啊，收费贵，什么都要钱，进个景区就100+了，呵呵呵，那个队长的呀，还有人各种插队，外加一帮推销的不停问你要不要找教练，超级心累，游客体验真的不怎么样,1
就在地铁口上，离西湖很近啊，去旅游的话还是很方便的，床很大也很舒服啦，酒店装修也不错，早餐种类多，前台服务也很棒，总体很满意。,1
首先，这个场地是值得星级评价的，但是冲着服务人员的态度，给他们一颗星我觉得已经是昧着良心给出来的了，总是摆着一张臭脸，讲个话也是叫叫嚷嚷地，或许这就是传说中的店大欺客？？？其次，天山嘛，远一点，交通没那么方便可以理解，但是设施和环境还是希望能够更加完善，要对得起顾客付的这一百多块钱！,1
来壁山这看同学顺便旅游，经过同学的推荐就来了这家酒店。如果只是说设施的话，我感觉有些还是旧了些，但是因为有温泉可以泡，所以性价比很高。而且虽然旧，但环境还是很干净舒适的。在评论里看到说牛肉面不错，就试了试，前人诚不欺我。,1
一般吧，感觉没什么好看的，都是比较普通的风景，滑草给小孩子玩玩就算了，挺坑的。玻璃道原本以为很刺激，结果也没啥特别的感觉,1
位置非常好，出门就是西湖特别方便。房间大小合适，干净整洁。服务员态度良好，耐心解决问题。保洁员也按时更换物品。价格合适。下次还来,1
可能是因为去的时候是高峰期人多，池子里的水感觉脏脏的像飘着一层皮屑。环境一般般吧，每个水池的温度差不多理疗效果有没有就不知道了。总的来说这家店一般般吧,1
酒店在繁华市中心交通便利离地铁站也就一公里左右，交通便利位置贼好。环境真的好评，设计的很用心，让我在慵懒的午后尽情享受欧洲小镇的风情。,1
温泉样式比较多，水质一般，算是无功无过吧。但是房间的环境感觉很差，很潮湿，地板上还有小裂缝，跟服务员反映换房也是不耐烦的样子，最后干脆就没人管了？失望。,1
和同学一起来玩的哈哈，离景区还是很近的，也很方便。关键是温泉真的炒鸡好啊！水质特别好，泡一天让人感觉身心轻松，房间设施和卫生条件都是很不错的，度过了一个闺蜜之夜，很棒！,1
养生度假村嘛，价格比较贵，房间价格都是1000以上，但是房间设施不是很好，电视刚开始不能看，后面让服务员来调试了才能正常使用，浴室、房间的卫生做的也不是很好，总有一些打扫不干净的地方，而且酒店的床也不是很好。可能去的时候环境质量比较差，没有图片上的好看，住着也不是很舒服，性价比低。服务态度勉强还行，个别服务员对我们的要求爱答不理的。度假村内的环境也不是特别好，路上还是有垃圾。希望以后能有所改善。,1
一大家子一起来的，体验很棒！主题房间很有趣，小表妹玩得很开心。房间价格比较高，但是物有所值，房间挺大的，住着也挺舒服的。而且海景房的观海体验很棒，风景很好！酒店提供的服务也很完整，设施不错，可以游泳超棒！提供早餐，很好吃。酒店位置很好，就在景区内，去景点比较方便，并且距离机场有一个小时的车程，比较靠近火车站，有接送服务，就不用太担心这个问题。服务也很热情，没有因为比较繁忙而服务态度变差，下次有机会还会来的！,1
温泉水质不是很有特色的那种。池子的清洁做的不够，还是会在水中看到污物。很多池子不能使用，房间里有发霉的迹象，平时打扫不多吧。服务有点懒散，免费供应的食品没什么意义。希望可以改进。,1
各方面都比较正规，用的精油很好，技师手法还是比较专业的，认真服务，一整套做下来人已经很放松了，环境也很干净卫生，水温气温也很合适，性价比已经很高了。,1
酒店交通便利，服务设施齐全，度假村里很干净，在炎热的天气里也给人一种清静的感觉。套间里面的设施都比较新，很整齐，夜晚很安静。度假村里面可以钓鱼和各种休闲活动，还回来，好评！,1
这个地方很一般，首先门面不太好找，找到之后进去感觉环境一般，心想就试一次吧，结果服务也很一般，按摩师不专业。,1
去逛旺山生态园   就住在这里面   里面的设施真的是    大厅里面没空调    毛巾灰灰的也不柔软   感觉  很多人用过的样子   五星的酒店没有泳池没有健身房    泡温泉也需要重新缴费  性价比不高   不欢乐的一次体验,1
地方在重庆壁山区   离大学城也挺近的   给我的感觉非常棒   性价比超级好  房间的设施很棒   好不容易腾出来时间和家人一起出来  这个地方给了我们非凡的体验  床很大很舒服   出来住酒店最开心的一次  下次还会带朋友再来一次,1
每次去都要等好久，而且场地很小，周围还有很多树，很不安全，每次都怕会撞在树上，还不断地有人来问要不要教练，有种被拉着不放做推销的感觉。,1
酒店交通便利，服务很到位，酒店内各种设施都很齐全，硬件设施都是非常给力的，是个泡温泉日光浴、度假放松的好地方，有时间一定还会再来！,1
秋天想出去看看风景，听说木兰系列的天池被评为5A级风景区，就一个人来了，学生票只花了32块钱。上来之后才发现性价比是真的高啊啊啊，还有栈道什么的修的真的是很方便游客行走，这一趟绝对超值!,1
本来怀着很大的期待，但是里面的环境是真的不好，很油腻的感觉。技师的手法也很一般，来这里都是想要放松的，但是事实上并没有给人这样的感觉，里面的卫生条件也并不好，总体来说很亏。,1
上周末因朋友推荐而去的，但那天天气不太好，所以去的路上还是比较辛苦，虽下雨，但人还是很多，因此里面垃圾也较多，清洁卫生做的不是很好，池子虽多，但很多都在维修中，反正对那天的旅行不是很满意 ,1
在巽寮湾海滩，旁边是个公园，地理位置超好，酒店比较大，有室内、室外游泳池、儿童游泳，设备很全。服务态度也很好，会给你赠送免费早餐，而且也很好吃，总之很满意了,1
我都无心吐槽了，人太多了排队就要排好久，而且根本不值！雪量少场地也小，还死贵死贵坑人钱，而且安全性我觉得有欠缺，滑雪的话我觉得有机会还是去新疆或者东北那边滑吧！,1
好不容易腾出时间跟家人一起度假放松，真是一个好去处啊！很喜欢海景房，环境真的太赞了，房间挺大的非常舒适。而且很干净，卫生也很好很有保障，还蛮喜欢的。温泉和沙滩也挺不错，适合带老人孩子来度假，下次一定还会来这里享受一番。,1
环境是很符合“照骗”的说法的，管理确实还不错，不过温泉最重要的水质是真的糟透了，下次不会再来了，这个水质，连一根一根搓澡下来的脏泥都看得到呐。。。。。,1
按按摩师手法很棒！超舒服！感觉是非常值得的一次体验，无论从经历上时间上还是价格上都是。前台小哥很热情的，接待很让人觉得温暖，而且还推荐按摩师。环境也很赞，非常的高大上。总而言之是非常非常满意的。,1
非常棒!水很清，偶尔还能看到鱼，山上也很舒服，虽然是大太阳天，但在树木环绕下也不觉得很热。空气比起城市里要清新很多，平时工作学习累了假期可以来这里放松，非常值得,1
算是泡过最好的温泉之一了，水质很好，很少有脏东西。环境比较幽静，泡起来很有感觉。酒店设施也很不错，美观大方。虽然人多，但服务员态度都较好。总之是个值得一去的地方,1
环境很不错，温泉很舒服，但是人是真的多，而且服务态度很不好，让我整个人都不好了，虽然水很好但是心情却被搞坏了，整个过程也不开心。。。,1
位置很好，距离并不远，旁边还有个公园，设施很全很全。几乎是你想得到的想不到的全都有，还有酒店的私人沙滩，很不错，最重要的是性价比真的很高，感觉花的很值很满意。,1
去了很多温泉，这家算是比较喜欢的。水质特别棒。服务也特别好，温泉池选择很多，也有趣味性。休息区很舒服，值这个价。,1
地理位置不错，但是设施陈旧，房间打扫的不仔细，卫生不行，隔音也不好。早饭品种太少，几乎全是素的。不会考虑再来。,1
天池环境超级好，水很清澈干净，外婆桥也很有趣，去一次性价比很高，风景真的很纯净安静，玻璃桥不恐怖走一走也无伤大雅了哈哈哈总之是一次很好的体验了,1
环境真心不好，技师手法一般但是时间不长收费却不少，房间不是很干净的样子，有点热所以人不是很舒服，感觉没有得到放松,1
这家酒店的交通十分便利，环境十分优美，周边都是绿色植物，让人心旷神怡是一个度假的好去吃。我们公司的几个同事在这边可以好好地团建，打打高尔夫，玩玩狼人杀，泡泡温泉，同时如果还要办公的话，还会提供会议室，真的十分好啊,1
这边交通虽然很便利，而且地段也很好，可是没想到居然有这样的一家酒店。卫生状态非常差，被子都是脏的，都不知道怎么睡觉，拖鞋也是缺的，只有一双，明明是双人房，还是叫了服务员来处理的。而且水池都是漏水的，卫生间里一地都是湿的，马桶上也都是湿的。,1
感觉钱花的不值，除了装修的花哨点，也没多高档。早餐跟快捷酒店的没区别啊，性价比一点也不高，附近景观也不好，后悔,1
跟朋友一起出来旅游，第一次滑雪，超级超级开心。风景一级棒，拍了好多照片，感觉自己已经爱上滑雪了!,1
"作为冬运会的场地，这里是乌鲁木齐最好的滑雪场！价格不贵，停车方便，雪景真的美极了。场地比较大，设施齐全，有美食餐饮。分级雪道又大又宽，适合不同等级人群，教练人也很好，真的是很开心的体验！
",1
"除了位于地铁口比较靠近西湖，地理位置还不错以外简直毫无优点…房间设施和户型陈旧，卫生情况堪忧，灰尘和怪味终身难忘了。停车不是很方便，早饭素食系也比较一言难尽。以后不会考虑杭州旅游住这里了。
",1
去之前担心会不会不干净但到了之后发现完全不用担心。水质很清，热腾腾的水泡的很舒服，全身都轻松了。这里还有许多娱乐设施，一点不用担心无聊。,1
外面的环境算得上安静。但房间环境不尽如人意，房间的布局使我感到很拥挤，而且那些装饰很俗气。卫生状况很差，床上邹巴巴的，有些地方很有污垢，卫生间里还有残留的头发，总之差评。,1
环境虽然还可以，水质和温度也马马虎虎，不过服务真的不怎么样，价格贵就不谈了，免费的东西没有免费的样子像糊弄人，进去还有好多东西要收费，有点坑爹，还希望能提高服务质量，毕竟泡温泉是享受的过程，服务是非常非常重要的体验。,1
"环境很好，容易让人放松下来。第一次去，前台介绍的技师感觉还不错，带我按摩的挺舒服的。spa用的精油和料都还行，感觉上去效果还行，价格也不是很贵，性价比还不错。
",1
我们是因为团建来的这里，这里的风景非常优美，有美丽的喷泉，同时周边都是树木环绕，环境十分的惬意。而且还有温泉，秋冬在里面泡一泡，全身放松，忘记了工作的烦恼。团建来这里和同事们一起打打高尔夫，搞搞活动，真的是个不错的享受呢。,1
本来这家酒店的地理位置挺好的，交通非常便利，在地铁口附近，又在杭州这样的大城市。可是这里面的设施真的辣眼睛。被子都是脏的，床都是很破的，弹簧都变形的那种，我们睡在上面，可以明显地感受到弹簧的存在，还有就是他们的菜也不好吃，特别辣，总之糟透了。,1
来这边旅游偶然发现的滑雪场，是一场意外且美好的邂逅。从景区不远便是滑雪场，交通方便，一听到有滑雪场便动心遂前往。是适合家庭娱乐的好去处，非专业滑雪道上安全措施到位，服务人员不厌其烦知道很有耐心，太赞！,1
足浴城讲究点面，这家的内部装潢却不甚讲究，只留一门头亮丽。前台懒散，没有应客的规矩。可能是因为不常来，运气差遇到足疗师性格不好，有一句没一句牢骚，本职工作也不出力，能留下这样的员工说明店内风气不正。,1
按摩师的手法还是比较专业的，很舒适，服务也是可以的，但是这里的环境真心给差评，我都有一股要被感染病菌的恐惧感，所以总体上就一般吧。,1
这里的风景真是一枝独秀，让人流连忘返，如果你能来，保证你会沉迷于此间山水，无法自拔。云腾雾绕，真的和她的名字绝配。更重要的是门票价也是良心价。,1
木兰天池风景区环境真的跟评价一样的好，空气特别清新，毕竟是5A级景区了，感觉来的特别值，赞！！,1
位置很好，交通方便，但是酒店怎么就那么差，环境感觉特别烂，卫生不合格，房间隔音很差，床垫也很差，体验很糟糕！ ,1
体验极差，我和几个朋友来这里玩，都是学生服务员可能觉得好欺负，态度真的很差劲，不会开这里的空调就问一下，被趾高气昂的服务员各种甩脸。另外这里的卫生其实真的好差劲，浴室的低碳感觉很久没换了。虽然这里有温泉但是居然不包括在房费里，而且其实温泉的水有不好闻的味道。总之体验极差，觉得不值这个价。,1
虽然人很多，但是提前网上订房也很方便。不得不说酒店位置很好的，靠近地铁站，里西湖也不远。我订的房间还有个阳台，直接可以看见西湖。而且这里的床真的很软很舒服，每天晚上都睡得很舒服。价格是贵了点，但是也还能接受，总体还是非常满意的。,1
我是第一次到这家酒店入住，被这家酒店优美的环境给彻底折服了，一条小径四面竹子环绕，微风轻拂，竹林沙沙响的声音真是惬意的很，还有一个开着荷花长着满池荷叶的池塘，当身心疲倦的时候，看着这些美景都放松了不少，外面的景色很漂亮，酒店房间里的环境就更没得说了，大气又不失温馨的设计，以及完善的设备，让有洁癖的我感觉自己真的住对地方了。,1
我是第一次来到这家水疗会所的，本来就不抱希望，果然还是让我失望了，按摩师帮我按摩的时候我总感觉到刺痛感，之前我去其他家店按摩的时候我都没有这种感觉，这让我不太相信这家店的按摩师，虽然精油挺好的，但是我还是不敢让他们乱按了。,1
体验很棒。位于景区，四周山水环绕，景色优美，交通也比较方便。服务很周到，很贴心。装饰复古但也有特色，设施齐全，温泉很舒服，高尔夫也很有趣。饮食也很棒，同时也实惠。总体给人一种舒适的感觉，很适合独家和养身。,1
总体来说不怎么满意，体验差。环境不怎么好，有点吵。房间装饰不怎么样，技师手法一般，整体收费就算高的 了。希望可以改进一下。,1
和朋友一起去过，风景是真心不错。走在玻璃桥上感觉很刺激，最后和朋友互相扶着走完了。滑草道也很不错，特别喜欢风迎面而来的感觉。而且全程玩下来也没有说花费特别贵，总的来说挺不错的。,1
服务员态度特别差，问个问题爱理不理的，只有自己慢慢弄清楚。最大的问题就是房间特别小，还不隔音，整晚都没睡好觉。卫生就更不用说了，为什么床上会有头发，真是搞不懂。总之不推荐大家选择这家酒店。,1
按摩师手劲太大了，我的腰杆现在还痛，还有淤青。还有就是，卫生条件实在不敢恭维，地上都是头发，整个环境很阴森，总体风格很诡异，可以说是很不愉快了，难过。,1
哇简直太好玩了，浪漫到爆，滑雪场很大，雪真的漂亮，跟女朋友们一起来玩超开心，重要的是消费也不高，真的超划算，停车也很方便，服务人员态度超级热情，可以说是很愉快了！,1
很早以前就听说过这个国家森林公园，这里的风景让我留连忘返，这里的山水和它的名字相配，环境优雅，性价比高，人相比其它景区也是挺少的，是一个看秋景不错的地方。,1
环境真心一般，按摩师的手法虽然舒适，但也不敢说是专业。但环境看起来真心不是很干净，给人一种要被什么病菌感染的感觉。,1
爸妈想泡温泉才来的，但是体验下来感觉超好。温泉的水质很好，娱乐设施也很多，一点也不无聊。地理位置也不错，很方便过来玩。,1
虽然地理位置不错，交通便利，但是房间实在是太差了，被子也是脏的，房间小，隔音也不好，本来假期想放松放松心情，弄的心情也不好了。,1
和朋友两个人去的 感觉环境还是非常不错的 水质看起来也挺干净的 人并不是像其他地方一样特别多嘈杂 整体感觉很不错 非常喜欢在水上乐园的体验 玩的很开心 温泉里最爱的是红茶温泉  水质看起来很好 温度也是刚刚好 服务员的态度也还不错 提供的食物也很好,1
酒店的地理位置非常的好 但是价格实在是太贵了 最生气的是隔音效果真的非常的差 本人睡眠质量并不高 晚上隔壁的电视声音开的很大 外面交通声音也是很大 让我睡的非常不好 还有酒店的设施不能算干净 早餐等等也不是很令人满意,1
今年和男朋友一起去的，南方来的啦，还没有见过下雪呢，对于我来说已经是很棒的体验了，慢慢的学习也是一个比较有趣的事情，安全措施还行，不过心里面还是挺害怕的，希望下次来能成为秋名山车神。,1
地段还是不错的，出来就有商圈，但是停车这些也太不方便了，而且价格和我所体验的不太相符，再便宜点还是能接受的,1
今年十一和闺蜜一起从上海去苏州玩、这应该是我住过的最古风的酒店了、真的是什么都有、酒店被竹林环绕、很僻静、真的是雅居呀、能让你放松心境、虽然有点贵但是包括好多项目比如高尔夫球场等、真的很满意、是天然氧吧、早饭味道也不错、可能是酒店太热门了、早上吃饭的人比较多、感觉性价比高、这个价格值了、,1
第一次来这家店、店面不好找、环境也一般般、服务态度还可以、但是技师好像不太专业、按的手法一般般、没让我感觉很舒服、,1
这次去武汉，时间很匆忙，没来得及看太多景点。因为之前有朋友推荐，这次就去了，总体感觉不错，是个放松休闲的好地方。门票也很便宜，适合全家人周末出游，带上老人孩子，走一走，散散步，很不错。,1
还说是什么国际花园酒店，实在是让人不敢恭维。能标这个价格可能就是因为在西湖旁边吧。首先，感觉床单就很有问题，盖上被子之后也不舒服，一晚上没睡好。卫生间里也不够干净，洗漱用具也不齐全，下次不会再去了。,1
水质好，泡起来真的不错，周三早上去的，泡了一早上，下午又去游乐设施那边，挺好玩。中途问服务员一些问题的时候态度也是超级好，很亲切！一家温泉嘛，水质好，服务好，怎么能不给好评呢，哈哈！下次还来！,1
首先我想说，地铁口的位置是真的不错，很方便，但我真的认为酒店就是依赖于这个位置。服务生态度一般，很懒散的样子。我最想吐槽的是卫生，床垫都是脏的，毛巾也不干净，强迫症加洁癖根本住不下去。再来就是装修，在我个人看来，很土，没有一种很简洁的酒店的感觉。总之很失望，以后宁可多走点路也不来这家住了。,1
本帮菜第一次吃，祥云阁给我留下了很深的印象，环境很不错,1
新房间霉迹斑斑，让换房也没换成，服务员很懒散，休闲区很差，饮料和水果少的可怜，再也不去了,1
位置便利，在地铁口附近，而且附近就是西湖，对面还有购物中心方便吃吃吃买买买。房间装修风格别致，可能不同的人有不同的眼光。卫生状况可以令人接受。服务态度良好。总之是一次愉快的经历！,1
抱歉老师我认为一段时间内突然异常的评价如大量差评会对自己的账户甚至隐私造成不良影响所以我不是很情愿在没有亲身经历的情况下发表负面评价，望谅解！,1
环境算是一般。位置还是挺好的，但周围不是很安静。房间除了空间 其他方面算是完整。服务员比较严肃，但速度和反应较快。手法很多，但没有感觉到很特殊。价格不太适合，比较贵。,1
景色特别好看，能实现人类和自然的友好接触。安全方面能够实现全面考虑，器材的的种类多，有各种有趣的预备动作。交通分方便，停车也方便。教练又帅又温柔，有耐心。食物不仅很有特色，也很好吃，价格也很合适。不仅能调整心态，也能好好运动的好机会。,1
水质好，环境优美，绿化率非常高，和家人一起来的，感觉适合度假旅游。景点内还有游乐设施，小孩喜欢。服务也很周到。,1
环境不是很好，房间小，不隔音，按摩手法一般，价格比较贵，WiFi不好连。总体上不满意，希望店家能改进。,1
丝绸之路嘛，就在南山那里，从市里过去也不是很麻烦，所以也跟朋友去过几次了，但是这次真的生气。价格比隔壁贵就算了吧，服务人员真的是蹬鼻子上脸系列，里面那个秩序真的是那叫一个乱？？？？听说还开过冬奥会？？？？,1
酒店位置离西湖蛮近了，出行还是非常方便的。房间设施齐全啦服务也不错，房间卫生还是有体现出价位的，晚上睡觉并没觉得特别吵或者是床不舒服，总体来说满意了。,1
